Column1;Column2;Column3;Column4
concept_id;label;definition;superclasses
OEO_00000001;fuel role;"A gasoline fuel role is a fuel role that expresses that a portion of matter can be used in a gasoline engine.
        

Editor note:
          The term gasoline was chosen as this term is more often used in energy modelling and energy statistics. This is a deliberate deviation from the convention of British English spelling in the OEO.
        









Back to the super classes:




        role
      


          view
        




Editor note:
        BFO 2 Reference: One major family of examples of non-rigid universals involves roles, and ontologies developed for corresponding administrative purposes may consist entirely of representatives of entities of this sort. Thus ‘professor’, defined as follows,b instance_of professor at t =Def. there is some c, c instance_of professor role & c inheres_in b at t.denotes a non-rigid universal and so also do ‘nurse’, ‘student’, ‘colonel’, ‘taxpayer’, and so forth. (These terms are all, in the jargon of philosophy, phase sortals.) By using role terms in definitions, we can create a BFO conformant treatment of such entities drawing on the fact that, while an instance of professor may be simultaneously an instance of trade union member, no instance of the type professor role is also (at any time) an instance of the type trade union member role (any more than any instance of the type color is at any time an instance of the type length).If an ontology of employment positions should be defined in terms of roles following the above pattern, this enables the ontology to do justice to the fact that individuals instantiate the corresponding universals –  professor, sergeant, nurse – only during certain phases in their lives.";
OEO_00000003;biofuel power unit;A power generating unit is an energy transformation unit that has the function to produce electrical energy.;
OEO_00000004;biogas power plant;A biofuel power plant is a power plant that has biofuel power units as parts.;
OEO_00000005;biogas power unit;A biofuel power unit is a power generating unit using biofuel.;
OEO_00000006;carbon dioxide;"A portion of matter is an aggregate of material entities that have a state of matter.
        
Editor note:
        Portions of matter describe mass nouns like e.g. water, air and fuel. Mass nouns are uncountable, but portions of these can be quantified, like 1 glass of water, 1 m³ of air or 1 barrel of fuel. For further explanation please refer to: https://github.com/OpenEnergyPlatform/ontology/wiki/Explanation-on-mass-nouns";
OEO_00000007;chemical energy;Energy is a quality of material entities which manifests as a capacity to perform work (such as causing motion or the interaction of molecules);
OEO_00000008;coal power unit;A power generating unit is an energy transformation unit that has the function to produce electrical energy.;
OEO_00000009;electric heat pump;A heat pump is a heater that transforms low temperature heat to high temperature heat using external energy.;
OEO_00000010;electro motive generator;A generator is an energy converting component that converts other forms of energy into electrical energy.;
OEO_00000011;energy converting component;An artificial object is an object that was deliberately manufactured by humans to address a particular purpose.;
OEO_00000012;energy storage function;An energy carrier disposition is a disposition of an material entity that contains energy for conversion as usable energy.;
OEO_00000013;fluorinated greenhouse gas;A greenhouse gas is a portion of matter that has the disposition to contribute to the greenhouse effect.;
OEO_00000014;fossil combustion fuel;A combustion fuel is a fuel that realises its fuel role in processes that release energy in the form of heat or work by chemical reaction with other substances.;
OEO_00000016;fuel cell;A generator is an energy converting component that converts other forms of energy into electrical energy.;
OEO_00000017;gas fired power unit;A power generating unit is an energy transformation unit that has the function to produce electrical energy.;
OEO_00000019;geothermal power unit;A power generating unit is an energy transformation unit that has the function to produce electrical energy.;
OEO_00000020;greenhouse gas;"A portion of matter is an aggregate of material entities that have a state of matter.
        
Editor note:
        Portions of matter describe mass nouns like e.g. water, air and fuel. Mass nouns are uncountable, but portions of these can be quantified, like 1 glass of water, 1 m³ of air or 1 barrel of fuel. For further explanation please refer to: https://github.com/OpenEnergyPlatform/ontology/wiki/Explanation-on-mass-nouns";
OEO_00000021;hard coal power unit;A coal power unit is a power generating unit using coal as fuel.;
OEO_00000022;hydrogen power unit;A power generating unit is an energy transformation unit that has the function to produce electrical energy.;
OEO_00000024;lignite power unit;A coal power unit is a power generating unit using coal as fuel.;
OEO_00000025;methane;Hydrocarbon is a portion of matter which is member of class of organic chemical compounds composed only of the elements carbon (C) and hydrogen (H).;
OEO_00000026;nitrogen trifluoride;"A portion of matter is an aggregate of material entities that have a state of matter.
        
Editor note:
        Portions of matter describe mass nouns like e.g. water, air and fuel. Mass nouns are uncountable, but portions of these can be quantified, like 1 glass of water, 1 m³ of air or 1 barrel of fuel. For further explanation please refer to: https://github.com/OpenEnergyPlatform/ontology/wiki/Explanation-on-mass-nouns";
OEO_00000027;nitrous oxide;"A portion of matter is an aggregate of material entities that have a state of matter.
        
Editor note:
        Portions of matter describe mass nouns like e.g. water, air and fuel. Mass nouns are uncountable, but portions of these can be quantified, like 1 glass of water, 1 m³ of air or 1 barrel of fuel. For further explanation please refer to: https://github.com/OpenEnergyPlatform/ontology/wiki/Explanation-on-mass-nouns";
OEO_00000028;nuclear energy carrier disposition;An energy carrier disposition is a disposition of an material entity that contains energy for conversion as usable energy.;
OEO_00000029;nuclear power unit;A power generating unit is an energy transformation unit that has the function to produce electrical energy.;
OEO_00000030;oil power unit;A power generating unit is an energy transformation unit that has the function to produce electrical energy.;
OEO_00000031;power plant;An energy transformation unit is an artificial object that transforms, changes or transfers a certain type of energy.;
OEO_00000032;photovoltaic cell;A generator is an energy converting component that converts other forms of energy into electrical energy.;
OEO_00000033;renewable fuel;A fuel is a portion of matter that has the disposition to be an energy carrier and that has a fuel role.;
OEO_00000034;solar power unit;A power generating unit is an energy transformation unit that has the function to produce electrical energy.;
OEO_00000035;solar thermal power unit;A solar power unit is a power generating unit using solar power.;
OEO_00000036;solid biomass power plant;A biofuel power plant is a power plant that has biofuel power units as parts.;
OEO_00000037;solid biomass power unit;A biofuel power unit is a power generating unit using biofuel.;
OEO_00000038;sulphur hexafluoride;"A portion of matter is an aggregate of material entities that have a state of matter.
        
Editor note:
        Portions of matter describe mass nouns like e.g. water, air and fuel. Mass nouns are uncountable, but portions of these can be quantified, like 1 glass of water, 1 m³ of air or 1 barrel of fuel. For further explanation please refer to: https://github.com/OpenEnergyPlatform/ontology/wiki/Explanation-on-mass-nouns";
OEO_00000039;thermal energy storage function;An energy storage function is the function of an artificial object that has been engineered to contain energy for later usage whereby input energy and usable output energy are of the same type.;
OEO_00000040;uranium;"A portion of matter is an aggregate of material entities that have a state of matter.
        
Editor note:
        Portions of matter describe mass nouns like e.g. water, air and fuel. Mass nouns are uncountable, but portions of these can be quantified, like 1 glass of water, 1 m³ of air or 1 barrel of fuel. For further explanation please refer to: https://github.com/OpenEnergyPlatform/ontology/wiki/Explanation-on-mass-nouns";
OEO_00000041;waste power unit;A power generating unit is an energy transformation unit that has the function to produce electrical energy.;
OEO_00000042;waste role;"A waste role is a role of a material entity that has been discarded after primary use.






Back to the super classes:




        role
      


          view
        




Editor note:
        BFO 2 Reference: One major family of examples of non-rigid universals involves roles, and ontologies developed for corresponding administrative purposes may consist entirely of representatives of entities of this sort. Thus ‘professor’, defined as follows,b instance_of professor at t =Def. there is some c, c instance_of professor role & c inheres_in b at t.denotes a non-rigid universal and so also do ‘nurse’, ‘student’, ‘colonel’, ‘taxpayer’, and so forth. (These terms are all, in the jargon of philosophy, phase sortals.) By using role terms in definitions, we can create a BFO conformant treatment of such entities drawing on the fact that, while an instance of professor may be simultaneously an instance of trade union member, no instance of the type professor role is also (at any time) an instance of the type trade union member role (any more than any instance of the type color is at any time an instance of the type length).If an ontology of employment positions should be defined in terms of roles following the above pattern, this enables the ontology to do justice to the fact that individuals instantiate the corresponding universals –  professor, sergeant, nurse – only during certain phases in their lives.";
OEO_00000043;wind;"p is a process = Def. p is an occurrent that has temporal proper parts and for some time t, p s-depends_on some material entity at t. (axiom label in BFO2 Reference: [083-003])
        
Editor note:
        BFO 2 Reference: The realm of occurrents is less pervasively marked by the presence of natural units than is the case in the realm of independent continuants. Thus there is here no counterpart of ‘object’. In BFO 1.0 ‘process’ served as such a counterpart. In BFO 2.0 ‘process’ is, rather, the occurrent counterpart of ‘material entity’. Those natural – as contrasted with engineered, which here means: deliberately executed – units which do exist in the realm of occurrents are typically either parasitic on the existence of natural units on the continuant side, or they are fiat in nature. Thus we can count lives; we can count football games; we can count chemical reactions performed in experiments or in chemical manufacturing. We cannot count the processes taking place, for instance, in an episode of insect mating behavior.Even where natural units are identifiable, for example cycles in a cyclical process such as the beating of a heart or an organism’s sleep/wake cycle, the processes in question form a sequence with no discontinuities (temporal gaps) of the sort that we find for instance where billiard balls or zebrafish or planets are separated by clear spatial gaps. Lives of organisms are process units, but they too unfold in a continuous series from other, prior processes such as fertilization, and they unfold in turn in continuous series of post-life processes such as post-mortem decay. Clear examples of boundaries of processes are almost always of the fiat sort (midnight, a time of death as declared in an operating theater or on a death certificate, the initiation of a state of war)";
OEO_00000044;wind energy converting unit;A power generating unit is an energy transformation unit that has the function to produce electrical energy.;
OEO_00000045;producer;Agent is a role of a person or organisation that directs its activity towards achieving goals.;
OEO_00000047;AC-line;A power line is a grid component link that is an uninterrupted transmission system between two nodes in an electricity grid.;
OEO_00000048;acronym;An abbreviation is a symbol of a textual entity.;
OEO_00000051;agent;"A user is an agent that employs an aid, tool or information system to achieve a goal/benefit.
        








Back to the super classes:




        role
      


          view
        




Editor note:
        BFO 2 Reference: One major family of examples of non-rigid universals involves roles, and ontologies developed for corresponding administrative purposes may consist entirely of representatives of entities of this sort. Thus ‘professor’, defined as follows,b instance_of professor at t =Def. there is some c, c instance_of professor role & c inheres_in b at t.denotes a non-rigid universal and so also do ‘nurse’, ‘student’, ‘colonel’, ‘taxpayer’, and so forth. (These terms are all, in the jargon of philosophy, phase sortals.) By using role terms in definitions, we can create a BFO conformant treatment of such entities drawing on the fact that, while an instance of professor may be simultaneously an instance of trade union member, no instance of the type professor role is also (at any time) an instance of the type trade union member role (any more than any instance of the type color is at any time an instance of the type length).If an ontology of employment positions should be defined in terms of roles following the above pattern, this enables the ontology to do justice to the fact that individuals instantiate the corresponding universals –  professor, sergeant, nurse – only during certain phases in their lives.";
OEO_00000054;air;A gas mixture is a portion of matter that is a composition of different kinds of portions of matter and that has a gaseous normal state of matter.;
OEO_00000055;air pollution;Pollution is an emission with a negative effect on the environment or organisms.;
OEO_00000056;ambient thermal energy;Thermal energy is the energy that a material entity contains in the undirected motion of its constituent parts (e.g. molecules and atoms).;
OEO_00000058;anthracite;Hard coal is coal with a gross calorific value greater than 23 865 kJ/kg (5 700 kcal/kg) on an ashfree but moist basis and with a mean random reflectance of vitrinite of at least 0,6.;
OEO_00000059;application programming interface;A software interface is a software that enables an agent to interact with it.;
OEO_00000061;artificial object;"A vehicle is an artificial object that is used for transporting people or goods.
        








Back to the super classes:




        object
      


          view
        




Editor note:
        BFO 2 Reference: BFO rests on the presupposition that at multiple micro-, meso- and macroscopic scales reality exhibits certain stable, spatially separated or separable material units, combined or combinable into aggregates of various sorts (for example organisms into what are called ‘populations’). Such units play a central role in almost all domains of natural science from particle physics to cosmology. Many scientific laws govern the units in question, employing general terms (such as ‘molecule’ or ‘planet’) referring to the types and subtypes of units, and also to the types and subtypes of the processes through which such units develop and interact. The division of reality into such natural units is at the heart of biological science, as also is the fact that these units may form higher-level units (as cells form multicellular organisms) and that they may also form aggregates of units, for example as cells form portions of tissue and organs form families, herds, breeds, species, and so on. At the same time, the division of certain portions of reality into engineered units (manufactured artifacts) is the basis of modern industrial technology, which rests on the distributed mass production of engineered parts through division of labor and on their assembly into larger, compound units such as cars and laptops. The division of portions of reality into units is one starting point for the phenomenon of counting.
        
Editor note:
        BFO 2 Reference: Each object is such that there are entities of which we can assert unproblematically that they lie in its interior, and other entities of which we can assert unproblematically that they lie in its exterior. This may not be so for entities lying at or near the boundary between the interior and exterior. This means that two objects – for example the two cells depicted in Figure 3 – may be such that there are material entities crossing their boundaries which belong determinately to neither cell. Something similar obtains in certain cases of conjoined twins (see below).
        
Editor note:
        BFO 2 Reference: To say that b is causally unified means: b is a material entity which is such that its material parts are tied together in such a way that, in environments typical for entities of the type in question,if c, a continuant part of b that is in the interior of b at t, is larger than a certain threshold size (which will be determined differently from case to case, depending on factors such as porosity of external cover) and is moved in space to be at t at a location on the exterior of the spatial region that had been occupied by b at t, then either b’s other parts will be moved in coordinated fashion or b will be damaged (be affected, for example, by breakage or tearing) in the interval between t and t.causal changes in one part of b can have consequences for other parts of b without the mediation of any entity that lies on the exterior of b. Material entities with no proper material parts would satisfy these conditions trivially. Candidate examples of types of causal unity for material entities of more complex sorts are as follows (this is not intended to be an exhaustive list):CU1: Causal unity via physical coveringHere the parts in the interior of the unified entity are combined together causally through a common membrane or other physical covering\. The latter points outwards toward and may serve a protective function in relation to what lies on the exterior of the entity [13, 47
        
Editor note:
        BFO 2 Reference: an object is a maximal causally unified material entity
        
Editor note:
        BFO 2 Reference: ‘objects’ are sometimes referred to as ‘grains’ [74";
OEO_00000062;associated gas;Natural gas is a gas mixture occurring in underground deposits, whether liquefied or gaseous, and consisting mainly of methane.;
OEO_00000063;assumption;"A generically dependent continuant that is about some thing.
        
Editor note:
        2014-03-10: The use of ""thing"" is intended to be general enough to include universals and configurations (see https://groups.google.com/d/msg/information-ontology/GBxvYZCk1oc/-L6B5fSBBTQJ).
        
Editor note:
        information_content_entity 'is_encoded_in' some digital_entity in obi before split (040907). information_content_entity 'is_encoded_in' some physical_document in obi before split (040907).

Previous. An information content entity is a non-realizable information entity that 'is encoded in' some digital or physical entity.";
OEO_00000064;author;Agent is a role of a person or organisation that directs its activity towards achieving goals.;
OEO_00000066;aviation gasoline;"https://en.wikipedia.org/w/index.php?title=Gasoline&oldid=867948640
        
Editor note:
        The term gasoline was chosen as this term is more often used in energy modelling and energy statistics. This is a deliberate deviation from the convention of British English spelling in the OEO.";
OEO_00000068;battery;An energy storage object is an artificial object that has the function energy storage.;
OEO_00000071;biodiesel;"A portion of matter is an aggregate of material entities that have a state of matter.
        
Editor note:
        Portions of matter describe mass nouns like e.g. water, air and fuel. Mass nouns are uncountable, but portions of these can be quantified, like 1 glass of water, 1 m³ of air or 1 barrel of fuel. For further explanation please refer to: https://github.com/OpenEnergyPlatform/ontology/wiki/Explanation-on-mass-nouns";
OEO_00000072;biofuel;A combustion fuel is a fuel that realises its fuel role in processes that release energy in the form of heat or work by chemical reaction with other substances.;
OEO_00000073;biofuel power plant;A power plant is an energy transformation unit consisting of power generating units and a grid component that feeds electric energy into an electric grid.;
OEO_00000074;biogas;A gas mixture is a portion of matter that is a composition of different kinds of portions of matter and that has a gaseous normal state of matter.;
OEO_00000075;biogasoline;"A portion of matter is an aggregate of material entities that have a state of matter.
        
Editor note:
        Portions of matter describe mass nouns like e.g. water, air and fuel. Mass nouns are uncountable, but portions of these can be quantified, like 1 glass of water, 1 m³ of air or 1 barrel of fuel. For further explanation please refer to: https://github.com/OpenEnergyPlatform/ontology/wiki/Explanation-on-mass-nouns";
OEO_00000077;blast furnace gas;A manufactured coal based gas is a gas mixture that is manufactured from coal. It is used as fossil fuel.;
OEO_00000078;boolean variable;A variable is an information content entity that represents a changeable value, vector, matrix or function within a mathematical expression.;
OEO_00000084;charcoal;"A portion of matter is an aggregate of material entities that have a state of matter.
        
Editor note:
        Portions of matter describe mass nouns like e.g. water, air and fuel. Mass nouns are uncountable, but portions of these can be quantified, like 1 glass of water, 1 m³ of air or 1 barrel of fuel. For further explanation please refer to: https://github.com/OpenEnergyPlatform/ontology/wiki/Explanation-on-mass-nouns";
OEO_00000085;citation reference;A reference is an information content entity naming a relevant document, position in a document or address.;
OEO_00000087;client;Agent is a role of a person or organisation that directs its activity towards achieving goals.;
OEO_00000088;coal;"A portion of matter is an aggregate of material entities that have a state of matter.
        
Editor note:
        Portions of matter describe mass nouns like e.g. water, air and fuel. Mass nouns are uncountable, but portions of these can be quantified, like 1 glass of water, 1 m³ of air or 1 barrel of fuel. For further explanation please refer to: https://github.com/OpenEnergyPlatform/ontology/wiki/Explanation-on-mass-nouns";
OEO_00000089;coal power plant;A power plant is an energy transformation unit consisting of power generating units and a grid component that feeds electric energy into an electric grid.;
OEO_00000090;code documentation;"A code documentation is a documentation explaining and annotating software code.






Back to the super classes:




        software documentation
      


          view
        




        

        

        
        No description found.";
OEO_00000091;code source;A data descriptor is an information content entity that contains additional information about some data.;
OEO_00000093;coke oven gas;A manufactured coal based gas is a gas mixture that is manufactured from coal. It is used as fossil fuel.;
OEO_00000094;coking coal;Hard coal is coal with a gross calorific value greater than 23 865 kJ/kg (5 700 kcal/kg) on an ashfree but moist basis and with a mean random reflectance of vitrinite of at least 0,6.;
OEO_00000096;colliery gas;Natural gas is a gas mixture occurring in underground deposits, whether liquefied or gaseous, and consisting mainly of methane.;
OEO_00000097;combustible energy carrier disposition;An energy carrier disposition is a disposition of an material entity that contains energy for conversion as usable energy.;
OEO_00000099;combustion fuel;A fuel is a portion of matter that has the disposition to be an energy carrier and that has a fuel role.;
OEO_00000102;compressed air;Air is a gas mixture that forms the Earth's atmosphere.;
OEO_00000104;constraint;"A generically dependent continuant that is about some thing.
        
Editor note:
        2014-03-10: The use of ""thing"" is intended to be general enough to include universals and configurations (see https://groups.google.com/d/msg/information-ontology/GBxvYZCk1oc/-L6B5fSBBTQJ).
        
Editor note:
        information_content_entity 'is_encoded_in' some digital_entity in obi before split (040907). information_content_entity 'is_encoded_in' some physical_document in obi before split (040907).

Previous. An information content entity is a non-realizable information entity that 'is encoded in' some digital or physical entity.";
OEO_00000105;consumer;A user is an agent that employs an aid, tool or information system to achieve a goal/benefit.;
OEO_00000107;contact person;Agent is a role of a person or organisation that directs its activity towards achieving goals.;
OEO_00000115;crude oil;"A portion of matter is an aggregate of material entities that have a state of matter.
        
Editor note:
        Portions of matter describe mass nouns like e.g. water, air and fuel. Mass nouns are uncountable, but portions of these can be quantified, like 1 glass of water, 1 m³ of air or 1 barrel of fuel. For further explanation please refer to: https://github.com/OpenEnergyPlatform/ontology/wiki/Explanation-on-mass-nouns";
OEO_00000117;dam;An artificial object is an object that was deliberately manufactured by humans to address a particular purpose.;
OEO_00000118;database;"A generically dependent continuant that is about some thing.
        
Editor note:
        2014-03-10: The use of ""thing"" is intended to be general enough to include universals and configurations (see https://groups.google.com/d/msg/information-ontology/GBxvYZCk1oc/-L6B5fSBBTQJ).
        
Editor note:
        information_content_entity 'is_encoded_in' some digital_entity in obi before split (040907). information_content_entity 'is_encoded_in' some physical_document in obi before split (040907).

Previous. An information content entity is a non-realizable information entity that 'is encoded in' some digital or physical entity.";
OEO_00000119;data descriptor;"A generically dependent continuant that is about some thing.
        
Editor note:
        2014-03-10: The use of ""thing"" is intended to be general enough to include universals and configurations (see https://groups.google.com/d/msg/information-ontology/GBxvYZCk1oc/-L6B5fSBBTQJ).
        
Editor note:
        information_content_entity 'is_encoded_in' some digital_entity in obi before split (040907). information_content_entity 'is_encoded_in' some physical_document in obi before split (040907).

Previous. An information content entity is a non-realizable information entity that 'is encoded in' some digital or physical entity.";
OEO_00000120;data format;A data descriptor is an information content entity that contains additional information about some data.;
OEO_00000122;data postprocessing;"Data postprocessing is data processing that transforms the output of a model calculation into a form that is suitable for presentation.






Back to the super classes:




        data processing
      


          view
        




        

        

        
        No description found.";
OEO_00000123;data preprocessing;"Data preprocessing is data processing that transforms the input into a form that is useable for a model calculation.






Back to the super classes:




        data processing
      


          view
        




        

        

        
        No description found.";
OEO_00000124;data processing;A transformation is a process that transforms one or more inputs into at least one output.;
OEO_00000125;data processing software;"Software is a plan specification composed of a series of instructions that can be 
interpreted by or directly executed by a processing unit.
        
Editor note:
        see sourceforge tracker discussion at http://sourceforge.net/tracker/index.php?func=detail&aid=1958818&group_id=177891&atid=886178";
OEO_00000126;HVDC-line;A power line is a grid component link that is an uninterrupted transmission system between two nodes in an electricity grid.;
OEO_00000128;energy demand sector;A sector is generically dependent continuant that is a subdivision of a system.;
OEO_00000129;grid transferred thermal energy;Thermal energy is the energy that a material entity contains in the undirected motion of its constituent parts (e.g. molecules and atoms).;
OEO_00000131;fossil diesel fuel;Gas/diesel oil is a portion of matter that is primarily a medium distillate distilling between 180 °C and 380 °C. Includes blending components. Several grades are available depending on uses.;
OEO_00000132;district heating;Grid-bound heating is a heat transfer over a distance via a heating grid, using steam or (hot) water.;
OEO_00000133;DOI;"An information content entity that is a mark(s) or character(s) used as a conventional representation of another entity.
        
Editor note:
        20091104, MC: this needs work and will most probably change
        
Editor note:
        2014-03-31: We would like to have a deeper analysis of 'mark' and 'sign' in the future (see https://github.com/information-artifact-ontology/IAO/issues/154).";
OEO_00000139;electrical energy;Energy is a quality of material entities which manifests as a capacity to perform work (such as causing motion or the interaction of molecules);
OEO_00000143;electricity grid;A supply grid is a supply system of systematically connected artificial objects that can work as a supply system.;
OEO_00000144;electricity grid component;A grid component is an energy transformation unit that is a discrete part of a supply grid serving a specific purpose. A grid component is defined by having a grid component role.;
OEO_00000145;electricity sector;An energy transformation sector is a sector that covers energy production, energy transformation from primary to secondary energy and transport of energy to the demand sector.;
OEO_00000146;electric vehicle;A vehicle is an artificial object that is used for transporting people or goods.;
OEO_00000147;emission;"p is a process = Def. p is an occurrent that has temporal proper parts and for some time t, p s-depends_on some material entity at t. (axiom label in BFO2 Reference: [083-003])
        
Editor note:
        BFO 2 Reference: The realm of occurrents is less pervasively marked by the presence of natural units than is the case in the realm of independent continuants. Thus there is here no counterpart of ‘object’. In BFO 1.0 ‘process’ served as such a counterpart. In BFO 2.0 ‘process’ is, rather, the occurrent counterpart of ‘material entity’. Those natural – as contrasted with engineered, which here means: deliberately executed – units which do exist in the realm of occurrents are typically either parasitic on the existence of natural units on the continuant side, or they are fiat in nature. Thus we can count lives; we can count football games; we can count chemical reactions performed in experiments or in chemical manufacturing. We cannot count the processes taking place, for instance, in an episode of insect mating behavior.Even where natural units are identifiable, for example cycles in a cyclical process such as the beating of a heart or an organism’s sleep/wake cycle, the processes in question form a sequence with no discontinuities (temporal gaps) of the sort that we find for instance where billiard balls or zebrafish or planets are separated by clear spatial gaps. Lives of organisms are process units, but they too unfold in a continuous series from other, prior processes such as fertilization, and they unfold in turn in continuous series of post-life processes such as post-mortem decay. Clear examples of boundaries of processes are almost always of the fiat sort (midnight, a time of death as declared in an operating theater or on a death certificate, the initiation of a state of war)";
OEO_00000148;emission factor;A process attribute is a dependent occurrent that existentially depends on a process.;
OEO_00000149;empirical data set;"A data item that is an aggregate of other data items of the same type that have something in common. Averages and distributions can be determined for data sets.
        
Editor note:
        2009/10/23 Alan Ruttenberg. The intention is that this term represent collections of like data. So this isn't for, e.g. the whole contents of a cel file, which includes parameters, metadata etc. This is more like java arrays of a certain rather specific type
        
Editor note:
        2014-05-05: Data sets are aggregates and thus must include two or more data items. We have chosen not to add logical axioms to make this restriction.";
OEO_00000150;energy;"Thermal energy is the energy that a material entity contains in the undirected motion of its constituent parts (e.g. molecules and atoms).
        








Back to the super classes:




        quality
      


          view
        




        

        

        
        No description found.";
OEO_00000151;energy carrier disposition;"Secondary energy carrier disposition is an energy carrier disposition of material entities that are manufactured from primary energy carriers or from a different form of secondary energy carriers.
        








Back to the super classes:




        disposition
      


          view
        




Editor note:
        BFO 2 Reference: Dispositions exist along a strength continuum. Weaker forms of disposition are realized in only a fraction of triggering cases. These forms occur in a significant number of cases of a similar type.";
OEO_00000158;energy transformation sector;A sector is generically dependent continuant that is a subdivision of a system.;
OEO_00000159;energy storage object;An artificial object is an object that was deliberately manufactured by humans to address a particular purpose.;
OEO_00000161;external optimiser;"Software is a plan specification composed of a series of instructions that can be 
interpreted by or directly executed by a processing unit.
        
Editor note:
        see sourceforge tracker discussion at http://sourceforge.net/tracker/index.php?func=detail&aid=1958818&group_id=177891&atid=886178";
OEO_00000162;factsheet;A collection of information content entities intended to be understood together as a whole;
OEO_00000165;field photovoltaic power plant;A photovoltaic power plant is a solar power plant that has PV panels as parts.;
OEO_00000169;flow battery;A battery is an energy storage object using different chemical or physical reactions to store energy.;
OEO_00000172;framework factsheet;A factsheet is a document that collects information about a specific topic in a structured way.;
OEO_00000173;fuel;"A portion of matter is an aggregate of material entities that have a state of matter.
        
Editor note:
        Portions of matter describe mass nouns like e.g. water, air and fuel. Mass nouns are uncountable, but portions of these can be quantified, like 1 glass of water, 1 m³ of air or 1 barrel of fuel. For further explanation please refer to: https://github.com/OpenEnergyPlatform/ontology/wiki/Explanation-on-mass-nouns";
OEO_00000174;fueled power plant;A power plant is an energy transformation unit consisting of power generating units and a grid component that feeds electric energy into an electric grid.;
OEO_00000175;fueled power unit;A power generating unit is an energy transformation unit that has the function to produce electrical energy.;
OEO_00000181;gas diesel oil;"A portion of matter is an aggregate of material entities that have a state of matter.
        
Editor note:
        Portions of matter describe mass nouns like e.g. water, air and fuel. Mass nouns are uncountable, but portions of these can be quantified, like 1 glass of water, 1 m³ of air or 1 barrel of fuel. For further explanation please refer to: https://github.com/OpenEnergyPlatform/ontology/wiki/Explanation-on-mass-nouns";
OEO_00000183;gasoline;"A portion of matter is an aggregate of material entities that have a state of matter.
        
Editor note:
        Portions of matter describe mass nouns like e.g. water, air and fuel. Mass nouns are uncountable, but portions of these can be quantified, like 1 glass of water, 1 m³ of air or 1 barrel of fuel. For further explanation please refer to: https://github.com/OpenEnergyPlatform/ontology/wiki/Explanation-on-mass-nouns";
OEO_00000184;gas power plant;A power plant is an energy transformation unit consisting of power generating units and a grid component that feeds electric energy into an electric grid.;
OEO_00000185;gas turbine;A turbine is an energy converting component that converts energy from a moving fluid flow into rotational energy.;
OEO_00000186;gasworks gas;A manufactured coal based gas is a gas mixture that is manufactured from coal. It is used as fossil fuel.;
OEO_00000188;generator;An energy converting component is an artificial object that is usually a discrete part of an energy transformation unit with the function of transforming, transferring or changing a certain type of energy.;
OEO_00000189;geographic coordinate;"A generically dependent continuant that is about some thing.
        
Editor note:
        2014-03-10: The use of ""thing"" is intended to be general enough to include universals and configurations (see https://groups.google.com/d/msg/information-ontology/GBxvYZCk1oc/-L6B5fSBBTQJ).
        
Editor note:
        information_content_entity 'is_encoded_in' some digital_entity in obi before split (040907). information_content_entity 'is_encoded_in' some physical_document in obi before split (040907).

Previous. An information content entity is a non-realizable information entity that 'is encoded in' some digital or physical entity.";
OEO_00000191;geothermal energy;Thermal energy is the energy that a material entity contains in the undirected motion of its constituent parts (e.g. molecules and atoms).;
OEO_00000192;geothermal power plant;A power plant is an energy transformation unit consisting of power generating units and a grid component that feeds electric energy into an electric grid.;
OEO_00000198;greenhouse effect disposition;"The greenhouse effect disposition is the disposition of a gas to contribute to the greenhouse effect, when it is emitted into the atmosphere.






Back to the super classes:




        disposition
      


          view
        




Editor note:
        BFO 2 Reference: Dispositions exist along a strength continuum. Weaker forms of disposition are realized in only a fraction of triggering cases. These forms occur in a significant number of cases of a similar type.";
OEO_00000199;greenhouse gas emission;A greenhouse gas emission is an emission that releases a greenhouse gas.;
OEO_00000200;supply grid;A supply system is a system that connects producers and consumers.;
OEO_00000202;graphical user interface;A software interface is a software that enables an agent to interact with it.;
OEO_00000204;hard coal;Coal is a portion of matter consisting of combustible black or brownish-black sedimentary rock, formed as rock strata called coal seams.;
OEO_00000205;hard coal power plant;A coal power plant is a power plant that has coal power units as parts.;
OEO_00000206;hardware;An artificial object is an object that was deliberately manufactured by humans to address a particular purpose.;
OEO_00000207;thermal energy;Energy is a quality of material entities which manifests as a capacity to perform work (such as causing motion or the interaction of molecules);
OEO_00000210;heater;An energy converting component is an artificial object that is usually a discrete part of an energy transformation unit with the function of transforming, transferring or changing a certain type of energy.;
OEO_00000211;heating oil;Gas/diesel oil is a portion of matter that is primarily a medium distillate distilling between 180 °C and 380 °C. Includes blending components. Several grades are available depending on uses.;
OEO_00000212;heat pump;A heater is an energy converting component that converts other forms of energy into useful heat.;
OEO_00000213;heating and cooling sector;An energy demand sector is a sector that covers energy consumers.;
OEO_00000214;household sector;An energy demand sector is a sector that covers energy consumers.;
OEO_00000218;hydro energy;Kinetic energy is the energy that a material entity possesses due to its motion. It is defined as the work needed to accelerate a body of a given mass from rest to a stated velocity.;
OEO_00000219;hydrofluorocarbon;"A portion of matter is an aggregate of material entities that have a state of matter.
        
Editor note:
        Portions of matter describe mass nouns like e.g. water, air and fuel. Mass nouns are uncountable, but portions of these can be quantified, like 1 glass of water, 1 m³ of air or 1 barrel of fuel. For further explanation please refer to: https://github.com/OpenEnergyPlatform/ontology/wiki/Explanation-on-mass-nouns";
OEO_00000220;hydrogen;"A portion of matter is an aggregate of material entities that have a state of matter.
        
Editor note:
        Portions of matter describe mass nouns like e.g. water, air and fuel. Mass nouns are uncountable, but portions of these can be quantified, like 1 glass of water, 1 m³ of air or 1 barrel of fuel. For further explanation please refer to: https://github.com/OpenEnergyPlatform/ontology/wiki/Explanation-on-mass-nouns";
OEO_00000221;hydrogen power plant;A power plant is an energy transformation unit consisting of power generating units and a grid component that feeds electric energy into an electric grid.;
OEO_00000222;hydrogen turbine;A gas turbine is a turbine that participates in a gas turbine process. It is also called combustion turbine.;
OEO_00000226;industrial waste fuel;A waste fuel is a fuel in which the material entity is waste.;
OEO_00000227;industry sector;A sector is generically dependent continuant that is a subdivision of a system.;
OEO_00000228;installation guide;"An installation guide is a documentation intended to help users install a Software.






Back to the super classes:




        software documentation
      


          view
        




        

        

        
        No description found.";
OEO_00000238;institution;An organisation is an immaterial entity that has the organisation role and there exists some sort of legal framework that recognises the entity and its continued existence.;
OEO_00000239;software interface;"Software is a plan specification composed of a series of instructions that can be 
interpreted by or directly executed by a processing unit.
        
Editor note:
        see sourceforge tracker discussion at http://sourceforge.net/tracker/index.php?func=detail&aid=1958818&group_id=177891&atid=886178";
OEO_00000240;internal combustion vehicle;A vehicle is an artificial object that is used for transporting people or goods.;
OEO_00000245;jet fuel;"Kerosene, also known as paraffin, lamp oil, and coal oil (an obsolete term), is a portion of matter consisting of combustible hydrocarbon liquid which is derived from petroleum. It is widely used as a fuel in industry as well as households. It is sometimes spelled kerosine in scientific and industrial usage.
[...]

Kerosene is widely used to power jet engines of aircraft (jet fuel) and some rocket engines and is also commonly used as a cooking and lighting fuel and for fire toys such as poi. In parts of Asia, kerosene is sometimes used as fuel for small outboard motors or even motorcycles.";
OEO_00000246;kerosene;"A portion of matter is an aggregate of material entities that have a state of matter.
        
Editor note:
        Portions of matter describe mass nouns like e.g. water, air and fuel. Mass nouns are uncountable, but portions of these can be quantified, like 1 glass of water, 1 m³ of air or 1 barrel of fuel. For further explanation please refer to: https://github.com/OpenEnergyPlatform/ontology/wiki/Explanation-on-mass-nouns";
OEO_00000248;lithium-ion battery;A battery is an energy storage object using different chemical or physical reactions to store energy.;
OEO_00000251;lignite;Coal is a portion of matter consisting of combustible black or brownish-black sedimentary rock, formed as rock strata called coal seams.;
OEO_00000252;lignite power plant;A coal power plant is a power plant that has coal power units as parts.;
OEO_00000253;power line;A grid component link is a grid component that serves as a connection between two other grid components.;
OEO_00000255;grid component link;A grid component is an energy transformation unit that is a discrete part of a supply grid serving a specific purpose. A grid component is defined by having a grid component role.;
OEO_00000257;liquid air;Air is a gas mixture that forms the Earth's atmosphere.;
OEO_00000258;liquid biofuel;A biofuel is a combustion fuel that has a biogenic origin.;
OEO_00000259;liquid-metal battery;A battery is an energy storage object using different chemical or physical reactions to store energy.;
OEO_00000263;manufactured coal based gas;A gas mixture is a portion of matter that is a composition of different kinds of portions of matter and that has a gaseous normal state of matter.;
OEO_00000264;energy market model;"A numerical computer model is a mathematical model that is calculated by a computer.
        
Editor note:
        formerly called ""model""";
OEO_00000269;power-to-methane system;A power-to-gas system is a power-to-fuel system that implements a power-to-gas process. A water electrolyser is participating in the power-to-gas process.;
OEO_00000274;numerical computer model;A mathematical model is a information content artifact that represents a system and its behaviours mathematically.;
OEO_00000275;model calculation;"p is a process = Def. p is an occurrent that has temporal proper parts and for some time t, p s-depends_on some material entity at t. (axiom label in BFO2 Reference: [083-003])
        
Editor note:
        BFO 2 Reference: The realm of occurrents is less pervasively marked by the presence of natural units than is the case in the realm of independent continuants. Thus there is here no counterpart of ‘object’. In BFO 1.0 ‘process’ served as such a counterpart. In BFO 2.0 ‘process’ is, rather, the occurrent counterpart of ‘material entity’. Those natural – as contrasted with engineered, which here means: deliberately executed – units which do exist in the realm of occurrents are typically either parasitic on the existence of natural units on the continuant side, or they are fiat in nature. Thus we can count lives; we can count football games; we can count chemical reactions performed in experiments or in chemical manufacturing. We cannot count the processes taking place, for instance, in an episode of insect mating behavior.Even where natural units are identifiable, for example cycles in a cyclical process such as the beating of a heart or an organism’s sleep/wake cycle, the processes in question form a sequence with no discontinuities (temporal gaps) of the sort that we find for instance where billiard balls or zebrafish or planets are separated by clear spatial gaps. Lives of organisms are process units, but they too unfold in a continuous series from other, prior processes such as fertilization, and they unfold in turn in continuous series of post-life processes such as post-mortem decay. Clear examples of boundaries of processes are almost always of the fiat sort (midnight, a time of death as declared in an operating theater or on a death certificate, the initiation of a state of war)";
OEO_00000276;model component;b is a generically dependent continuant = Def. b is a continuant that g-depends_on one or more other entities. (axiom label in BFO2 Reference: [074-001]);
OEO_00000277;model factsheet;A factsheet is a document that collects information about a specific topic in a structured way.;
OEO_00000279;modelling software;"Software is a plan specification composed of a series of instructions that can be 
interpreted by or directly executed by a processing unit.
        
Editor note:
        see sourceforge tracker discussion at http://sourceforge.net/tracker/index.php?func=detail&aid=1958818&group_id=177891&atid=886178";
OEO_00000281;modus;"A generically dependent continuant that is about some thing.
        
Editor note:
        2014-03-10: The use of ""thing"" is intended to be general enough to include universals and configurations (see https://groups.google.com/d/msg/information-ontology/GBxvYZCk1oc/-L6B5fSBBTQJ).
        
Editor note:
        information_content_entity 'is_encoded_in' some digital_entity in obi before split (040907). information_content_entity 'is_encoded_in' some physical_document in obi before split (040907).

Previous. An information content entity is a non-realizable information entity that 'is encoded in' some digital or physical entity.";
OEO_00000282;molten-salt battery;A battery is an energy storage object using different chemical or physical reactions to store energy.;
OEO_00000286;motor gasoline;"https://en.wikipedia.org/w/index.php?title=Gasoline&oldid=867948640
        
Editor note:
        The term gasoline was chosen as this term is more often used in energy modelling and energy statistics. This is a deliberate deviation from the convention of British English spelling in the OEO.";
OEO_00000290;municipal waste fuel;A waste fuel is a fuel in which the material entity is waste.;
OEO_00000292;natural gas;A gas mixture is a portion of matter that is a composition of different kinds of portions of matter and that has a gaseous normal state of matter.;
OEO_00000293;negative emission;"p is a process = Def. p is an occurrent that has temporal proper parts and for some time t, p s-depends_on some material entity at t. (axiom label in BFO2 Reference: [083-003])
        
Editor note:
        BFO 2 Reference: The realm of occurrents is less pervasively marked by the presence of natural units than is the case in the realm of independent continuants. Thus there is here no counterpart of ‘object’. In BFO 1.0 ‘process’ served as such a counterpart. In BFO 2.0 ‘process’ is, rather, the occurrent counterpart of ‘material entity’. Those natural – as contrasted with engineered, which here means: deliberately executed – units which do exist in the realm of occurrents are typically either parasitic on the existence of natural units on the continuant side, or they are fiat in nature. Thus we can count lives; we can count football games; we can count chemical reactions performed in experiments or in chemical manufacturing. We cannot count the processes taking place, for instance, in an episode of insect mating behavior.Even where natural units are identifiable, for example cycles in a cyclical process such as the beating of a heart or an organism’s sleep/wake cycle, the processes in question form a sequence with no discontinuities (temporal gaps) of the sort that we find for instance where billiard balls or zebrafish or planets are separated by clear spatial gaps. Lives of organisms are process units, but they too unfold in a continuous series from other, prior processes such as fertilization, and they unfold in turn in continuous series of post-life processes such as post-mortem decay. Clear examples of boundaries of processes are almost always of the fiat sort (midnight, a time of death as declared in an operating theater or on a death certificate, the initiation of a state of war)";
OEO_00000296;grid node;A grid component is an energy transformation unit that is a discrete part of a supply grid serving a specific purpose. A grid component is defined by having a grid component role.;
OEO_00000297;non associated gas;Natural gas is a gas mixture occurring in underground deposits, whether liquefied or gaseous, and consisting mainly of methane.;
OEO_00000298;non-methane volatile organic compound;A volatile organic compound (VOC) is a portion of matter consisting of organic compounds that is capable of producing photochemical oxidants by reactions with nitrogen oxides in the presence of sunlight. Hence it can act as an air pollutant.;
OEO_00000299;fossil municipal waste fuel;A municipal waste fuel is waste fuel produced by households or non-industrial commercial activities.;
OEO_00000300;nuclear binding energy;Energy is a quality of material entities which manifests as a capacity to perform work (such as causing motion or the interaction of molecules);
OEO_00000302;nuclear fuel;A fuel is a portion of matter that has the disposition to be an energy carrier and that has a fuel role.;
OEO_00000303;nuclear power plant;A power plant is an energy transformation unit consisting of power generating units and a grid component that feeds electric energy into an electric grid.;
OEO_00000304;objective function;"A generically dependent continuant that is about some thing.
        
Editor note:
        2014-03-10: The use of ""thing"" is intended to be general enough to include universals and configurations (see https://groups.google.com/d/msg/information-ontology/GBxvYZCk1oc/-L6B5fSBBTQJ).
        
Editor note:
        information_content_entity 'is_encoded_in' some digital_entity in obi before split (040907). information_content_entity 'is_encoded_in' some physical_document in obi before split (040907).

Previous. An information content entity is a non-realizable information entity that 'is encoded in' some digital or physical entity.";
OEO_00000308;offshore wind farm;A wind farm is a power plant that has wind energy converting units as parts.;
OEO_00000310;oil power plant;A power plant is an energy transformation unit consisting of power generating units and a grid component that feeds electric energy into an electric grid.;
OEO_00000311;onshore wind farm;A wind farm is a power plant that has wind energy converting units as parts.;
OEO_00000312;open source;A software descriptor is an information content entity that contains additional information about the software.;
OEO_00000313;optimisation;A model calculation is a process of solving mathematical equations of a model.;
OEO_00000314;optimisation model;"A numerical computer model is a mathematical model that is calculated by a computer.
        
Editor note:
        formerly called ""model""";
OEO_00000315;organisation role;"An organisation role is a role of an aggregate of people that has a collective goal and a set of organisation rules.






Back to the super classes:




        role
      


          view
        




Editor note:
        BFO 2 Reference: One major family of examples of non-rigid universals involves roles, and ontologies developed for corresponding administrative purposes may consist entirely of representatives of entities of this sort. Thus ‘professor’, defined as follows,b instance_of professor at t =Def. there is some c, c instance_of professor role & c inheres_in b at t.denotes a non-rigid universal and so also do ‘nurse’, ‘student’, ‘colonel’, ‘taxpayer’, and so forth. (These terms are all, in the jargon of philosophy, phase sortals.) By using role terms in definitions, we can create a BFO conformant treatment of such entities drawing on the fact that, while an instance of professor may be simultaneously an instance of trade union member, no instance of the type professor role is also (at any time) an instance of the type trade union member role (any more than any instance of the type color is at any time an instance of the type length).If an ontology of employment positions should be defined in terms of roles following the above pattern, this enables the ontology to do justice to the fact that individuals instantiate the corresponding universals –  professor, sergeant, nurse – only during certain phases in their lives.";
OEO_00000316;origin;"Renewable is an origin of energies that replenish on a human time scale.
        








Back to the super classes:




        quality
      


          view
        




        

        

        
        No description found.";
OEO_00000318;particulate matter;"A portion of matter is an aggregate of material entities that have a state of matter.
        
Editor note:
        Portions of matter describe mass nouns like e.g. water, air and fuel. Mass nouns are uncountable, but portions of these can be quantified, like 1 glass of water, 1 m³ of air or 1 barrel of fuel. For further explanation please refer to: https://github.com/OpenEnergyPlatform/ontology/wiki/Explanation-on-mass-nouns";
OEO_00000320;peat;"A portion of matter is an aggregate of material entities that have a state of matter.
        
Editor note:
        Portions of matter describe mass nouns like e.g. water, air and fuel. Mass nouns are uncountable, but portions of these can be quantified, like 1 glass of water, 1 m³ of air or 1 barrel of fuel. For further explanation please refer to: https://github.com/OpenEnergyPlatform/ontology/wiki/Explanation-on-mass-nouns";
OEO_00000322;perfluorocarbon;"A portion of matter is an aggregate of material entities that have a state of matter.
        
Editor note:
        Portions of matter describe mass nouns like e.g. water, air and fuel. Mass nouns are uncountable, but portions of these can be quantified, like 1 glass of water, 1 m³ of air or 1 barrel of fuel. For further explanation please refer to: https://github.com/OpenEnergyPlatform/ontology/wiki/Explanation-on-mass-nouns";
OEO_00000323;person;"A person is a human being.






Back to the super classes:




        object
      


          view
        




Editor note:
        BFO 2 Reference: BFO rests on the presupposition that at multiple micro-, meso- and macroscopic scales reality exhibits certain stable, spatially separated or separable material units, combined or combinable into aggregates of various sorts (for example organisms into what are called ‘populations’). Such units play a central role in almost all domains of natural science from particle physics to cosmology. Many scientific laws govern the units in question, employing general terms (such as ‘molecule’ or ‘planet’) referring to the types and subtypes of units, and also to the types and subtypes of the processes through which such units develop and interact. The division of reality into such natural units is at the heart of biological science, as also is the fact that these units may form higher-level units (as cells form multicellular organisms) and that they may also form aggregates of units, for example as cells form portions of tissue and organs form families, herds, breeds, species, and so on. At the same time, the division of certain portions of reality into engineered units (manufactured artifacts) is the basis of modern industrial technology, which rests on the distributed mass production of engineered parts through division of labor and on their assembly into larger, compound units such as cars and laptops. The division of portions of reality into units is one starting point for the phenomenon of counting.
        
Editor note:
        BFO 2 Reference: Each object is such that there are entities of which we can assert unproblematically that they lie in its interior, and other entities of which we can assert unproblematically that they lie in its exterior. This may not be so for entities lying at or near the boundary between the interior and exterior. This means that two objects – for example the two cells depicted in Figure 3 – may be such that there are material entities crossing their boundaries which belong determinately to neither cell. Something similar obtains in certain cases of conjoined twins (see below).
        
Editor note:
        BFO 2 Reference: To say that b is causally unified means: b is a material entity which is such that its material parts are tied together in such a way that, in environments typical for entities of the type in question,if c, a continuant part of b that is in the interior of b at t, is larger than a certain threshold size (which will be determined differently from case to case, depending on factors such as porosity of external cover) and is moved in space to be at t at a location on the exterior of the spatial region that had been occupied by b at t, then either b’s other parts will be moved in coordinated fashion or b will be damaged (be affected, for example, by breakage or tearing) in the interval between t and t.causal changes in one part of b can have consequences for other parts of b without the mediation of any entity that lies on the exterior of b. Material entities with no proper material parts would satisfy these conditions trivially. Candidate examples of types of causal unity for material entities of more complex sorts are as follows (this is not intended to be an exhaustive list):CU1: Causal unity via physical coveringHere the parts in the interior of the unified entity are combined together causally through a common membrane or other physical covering\. The latter points outwards toward and may serve a protective function in relation to what lies on the exterior of the entity [13, 47
        
Editor note:
        BFO 2 Reference: an object is a maximal causally unified material entity
        
Editor note:
        BFO 2 Reference: ‘objects’ are sometimes referred to as ‘grains’ [74";
OEO_00000324;photovoltaic power plant;A solar power plant is a power plant that has solar power units as parts.;
OEO_00000327;plotting;"Plotting is data processing where data is visualised in form of a diagram.






Back to the super classes:




        data processing
      


          view
        




        

        

        
        No description found.";
OEO_00000328;political assumption;An assumption is an information content entity about a property of a system or process. It determines a part of a scenario content.;
OEO_00000329;political party;An organisation is an immaterial entity that has the organisation role and there exists some sort of legal framework that recognises the entity and its continued existence.;
OEO_00000330;pollution;emission is a process releasing by-products from human activity (e.g. production, distribution or consumption) into the environment.;
OEO_00000331;portion of matter;"Water is a portion of matter with the chemical formula H2O. It has a liquid normal state of matter.
        

Editor note:
          We are aware that water is defined as pure H2O in the OEO and that naturally occurring water usually also contains impurities of other portions of matter (e.g. minerals). We purposely neglect this inconsistency for usability reasons.
        









Back to the super classes:




        object aggregate
      


          view
        




Editor note:
        An entity a is an object aggregate if and only if there is a mutually exhaustive and pairwise disjoint partition of a into objects 
        
Editor note:
        BFO 2 Reference: object aggregates may gain and lose parts while remaining numerically identical (one and the same individual) over time. This holds both for aggregates whose membership is determined naturally (the aggregate of cells in your body) and aggregates determined by fiat (a baseball team, a congressional committee).";
OEO_00000332;solid biofuel;A biofuel is a combustion fuel that has a biogenic origin.;
OEO_00000333;power;A process attribute is a dependent occurrent that existentially depends on a process.;
OEO_00000334;power generating unit;An energy transformation unit is an artificial object that transforms, changes or transfers a certain type of energy.;
OEO_00000335;power-to-gas system;A power-to-fuel system is an energy transformation unit that implements a power-to-fuel process. A water electrolyser is participating in the power-to-fuel process.;
OEO_00000339;program parameter;A variable is an information content entity that represents a changeable value, vector, matrix or function within a mathematical expression.;
OEO_00000340;project;"p is a process = Def. p is an occurrent that has temporal proper parts and for some time t, p s-depends_on some material entity at t. (axiom label in BFO2 Reference: [083-003])
        
Editor note:
        BFO 2 Reference: The realm of occurrents is less pervasively marked by the presence of natural units than is the case in the realm of independent continuants. Thus there is here no counterpart of ‘object’. In BFO 1.0 ‘process’ served as such a counterpart. In BFO 2.0 ‘process’ is, rather, the occurrent counterpart of ‘material entity’. Those natural – as contrasted with engineered, which here means: deliberately executed – units which do exist in the realm of occurrents are typically either parasitic on the existence of natural units on the continuant side, or they are fiat in nature. Thus we can count lives; we can count football games; we can count chemical reactions performed in experiments or in chemical manufacturing. We cannot count the processes taking place, for instance, in an episode of insect mating behavior.Even where natural units are identifiable, for example cycles in a cyclical process such as the beating of a heart or an organism’s sleep/wake cycle, the processes in question form a sequence with no discontinuities (temporal gaps) of the sort that we find for instance where billiard balls or zebrafish or planets are separated by clear spatial gaps. Lives of organisms are process units, but they too unfold in a continuous series from other, prior processes such as fertilization, and they unfold in turn in continuous series of post-life processes such as post-mortem decay. Clear examples of boundaries of processes are almost always of the fiat sort (midnight, a time of death as declared in an operating theater or on a death certificate, the initiation of a state of war)";
OEO_00000341;prosumer;Agent is a role of a person or organisation that directs its activity towards achieving goals.;
OEO_00000345;pumped water;Liquid water is water that has a liquid state of matter.;
OEO_00000348;PV panel;A solar power unit is a power generating unit using solar power.;
OEO_00000350;quantity value;"A generically dependent continuant that is about some thing.
        
Editor note:
        2014-03-10: The use of ""thing"" is intended to be general enough to include universals and configurations (see https://groups.google.com/d/msg/information-ontology/GBxvYZCk1oc/-L6B5fSBBTQJ).
        
Editor note:
        information_content_entity 'is_encoded_in' some digital_entity in obi before split (040907). information_content_entity 'is_encoded_in' some physical_document in obi before split (040907).

Previous. An information content entity is a non-realizable information entity that 'is encoded in' some digital or physical entity.";
OEO_00000353;reference;"A generically dependent continuant that is about some thing.
        
Editor note:
        2014-03-10: The use of ""thing"" is intended to be general enough to include universals and configurations (see https://groups.google.com/d/msg/information-ontology/GBxvYZCk1oc/-L6B5fSBBTQJ).
        
Editor note:
        information_content_entity 'is_encoded_in' some digital_entity in obi before split (040907). information_content_entity 'is_encoded_in' some physical_document in obi before split (040907).

Previous. An information content entity is a non-realizable information entity that 'is encoded in' some digital or physical entity.";
OEO_00000356;biogenic municipal waste fuel;A municipal waste fuel is waste fuel produced by households or non-industrial commercial activities.;
OEO_00000361;rooftop photovoltaic power plant;A photovoltaic power plant is a solar power plant that has PV panels as parts.;
OEO_00000364;scenario;"A generically dependent continuant that is about some thing.
        
Editor note:
        2014-03-10: The use of ""thing"" is intended to be general enough to include universals and configurations (see https://groups.google.com/d/msg/information-ontology/GBxvYZCk1oc/-L6B5fSBBTQJ).
        
Editor note:
        information_content_entity 'is_encoded_in' some digital_entity in obi before split (040907). information_content_entity 'is_encoded_in' some physical_document in obi before split (040907).

Previous. An information content entity is a non-realizable information entity that 'is encoded in' some digital or physical entity.";
OEO_00000365;scenario factsheet;A factsheet is a document that collects information about a specific topic in a structured way.;
OEO_00000367;sector;b is a generically dependent continuant = Def. b is a continuant that g-depends_on one or more other entities. (axiom label in BFO2 Reference: [074-001]);
OEO_00000368;sector division;b is a generically dependent continuant = Def. b is a continuant that g-depends_on one or more other entities. (axiom label in BFO2 Reference: [074-001]);
OEO_00000370;simulation;A model calculation is a process of solving mathematical equations of a model.;
OEO_00000371;simulation model;"A numerical computer model is a mathematical model that is calculated by a computer.
        
Editor note:
        formerly called ""model""";
OEO_00000372;single node model;"A numerical computer model is a mathematical model that is calculated by a computer.
        
Editor note:
        formerly called ""model""";
OEO_00000374;superconducting magnetic energy storage;An energy storage object is an artificial object that has the function energy storage.;
OEO_00000376;sodium-ion battery;A battery is an energy storage object using different chemical or physical reactions to store energy.;
OEO_00000377;sodium-sulphur battery;A molten-salt battery is a battery that uses molten salts as an electrolyte and offers both a high energy density and a high power density.;
OEO_00000378;software descriptor;"A generically dependent continuant that is about some thing.
        
Editor note:
        2014-03-10: The use of ""thing"" is intended to be general enough to include universals and configurations (see https://groups.google.com/d/msg/information-ontology/GBxvYZCk1oc/-L6B5fSBBTQJ).
        
Editor note:
        information_content_entity 'is_encoded_in' some digital_entity in obi before split (040907). information_content_entity 'is_encoded_in' some physical_document in obi before split (040907).

Previous. An information content entity is a non-realizable information entity that 'is encoded in' some digital or physical entity.";
OEO_00000379;software developer;Agent is a role of a person or organisation that directs its activity towards achieving goals.;
OEO_00000380;software documentation;A collection of information content entities intended to be understood together as a whole;
OEO_00000382;software framework;"Software is a plan specification composed of a series of instructions that can be 
interpreted by or directly executed by a processing unit.
        
Editor note:
        see sourceforge tracker discussion at http://sourceforge.net/tracker/index.php?func=detail&aid=1958818&group_id=177891&atid=886178";
OEO_00000384;solar energy;Radiative energy is energy that has been transmitted by a radiation process.;
OEO_00000386;solar power plant;A power plant is an energy transformation unit consisting of power generating units and a grid component that feeds electric energy into an electric grid.;
OEO_00000387;solar thermal collector;A heater is an energy converting component that converts other forms of energy into useful heat.;
OEO_00000388;solar thermal energy;Thermal energy is the energy that a material entity contains in the undirected motion of its constituent parts (e.g. molecules and atoms).;
OEO_00000389;solar thermal power plant;A solar power plant is a power plant that has solar power units as parts.;
OEO_00000391;solid fossil fuel;A fossil combustion fuel is a combustion fuel with the origin fossil.;
OEO_00000392;solver;"Software is a plan specification composed of a series of instructions that can be 
interpreted by or directly executed by a processing unit.
        
Editor note:
        see sourceforge tracker discussion at http://sourceforge.net/tracker/index.php?func=detail&aid=1958818&group_id=177891&atid=886178";
OEO_00000395;state of matter;"A state of matter is a quality of a portion of matter that describes the distinct physical form in which the matter exists.



Editor note:
Four states of matter are observable in everyday life: solid, liquid, gas, and plasma. Many intermediate states are known to exist, such as liquid crystal, and some states only exist under extreme conditions.





Back to the super classes:




        quality
      


          view
        




        

        

        
        No description found.";
OEO_00000396;steam turbine;A turbine is an energy converting component that converts energy from a moving fluid flow into rotational energy.;
OEO_00000399;energy storage unit;A grid component is an energy transformation unit that is a discrete part of a supply grid serving a specific purpose. A grid component is defined by having a grid component role.;
OEO_00000401;sub bituminous coal;Coal is a portion of matter consisting of combustible black or brownish-black sedimentary rock, formed as rock strata called coal seams.;
OEO_00000403;synthetic data set;"A data item that is an aggregate of other data items of the same type that have something in common. Averages and distributions can be determined for data sets.
        
Editor note:
        2009/10/23 Alan Ruttenberg. The intention is that this term represent collections of like data. So this isn't for, e.g. the whole contents of a cel file, which includes parameters, metadata etc. This is more like java arrays of a certain rather specific type
        
Editor note:
        2014-05-05: Data sets are aggregates and thus must include two or more data items. We have chosen not to add logical axioms to make this restriction.";
OEO_00000405;commercial sector;An energy demand sector is a sector that covers energy consumers.;
OEO_00000407;technology;"A directive information entity with action specifications and objective specifications as parts, and that may be concretized as a realizable entity that, if realized, is realized in a process in which the bearer tries to achieve the objectives by taking the actions specified.
        
Editor note:
        2009-03-16: provenance: a term a plan was proposed for OBI (OBI_0000344) , edited by the PlanAndPlannedProcess branch. Original definition was "" a plan is a specification of a process that is realized by an actor to achieve the objective specified as part of the plan"". It has been subsequently moved to IAO where the objective for which the original term was defined was satisfied with the definitionof this, different, term.
        
Editor note:
        2014-03-31: A plan specification can have other parts, such as conditional specifications.
        
Editor note:
        2022-01-16 Updated definition to that proposed by Clint Dowloand, IAO Issue 231.
        
Editor note:
        Alternative previous definition: a plan is a set of instructions that specify how an objective should be achieved";
OEO_00000408;test data set;"A data item that is an aggregate of other data items of the same type that have something in common. Averages and distributions can be determined for data sets.
        
Editor note:
        2009/10/23 Alan Ruttenberg. The intention is that this term represent collections of like data. So this isn't for, e.g. the whole contents of a cel file, which includes parameters, metadata etc. This is more like java arrays of a certain rather specific type
        
Editor note:
        2014-05-05: Data sets are aggregates and thus must include two or more data items. We have chosen not to add logical axioms to make this restriction.";
OEO_00000419;transformation;"p is a process = Def. p is an occurrent that has temporal proper parts and for some time t, p s-depends_on some material entity at t. (axiom label in BFO2 Reference: [083-003])
        
Editor note:
        BFO 2 Reference: The realm of occurrents is less pervasively marked by the presence of natural units than is the case in the realm of independent continuants. Thus there is here no counterpart of ‘object’. In BFO 1.0 ‘process’ served as such a counterpart. In BFO 2.0 ‘process’ is, rather, the occurrent counterpart of ‘material entity’. Those natural – as contrasted with engineered, which here means: deliberately executed – units which do exist in the realm of occurrents are typically either parasitic on the existence of natural units on the continuant side, or they are fiat in nature. Thus we can count lives; we can count football games; we can count chemical reactions performed in experiments or in chemical manufacturing. We cannot count the processes taking place, for instance, in an episode of insect mating behavior.Even where natural units are identifiable, for example cycles in a cyclical process such as the beating of a heart or an organism’s sleep/wake cycle, the processes in question form a sequence with no discontinuities (temporal gaps) of the sort that we find for instance where billiard balls or zebrafish or planets are separated by clear spatial gaps. Lives of organisms are process units, but they too unfold in a continuous series from other, prior processes such as fertilization, and they unfold in turn in continuous series of post-life processes such as post-mortem decay. Clear examples of boundaries of processes are almost always of the fiat sort (midnight, a time of death as declared in an operating theater or on a death certificate, the initiation of a state of war)";
OEO_00000420;transformer;A grid component is an energy transformation unit that is a discrete part of a supply grid serving a specific purpose. A grid component is defined by having a grid component role.;
OEO_00000422;transport sector;An energy demand sector is a sector that covers energy consumers.;
OEO_00000423;electricity transshipment model;"A numerical computer model is a mathematical model that is calculated by a computer.
        
Editor note:
        formerly called ""model""";
OEO_00000425;turbine;An energy converting component is an artificial object that is usually a discrete part of an energy transformation unit with the function of transforming, transferring or changing a certain type of energy.;
OEO_00000429;underground hydrogen storage object;An underground fuel storage object is an energy storage object that stores chemical energy in form of fuels underground.;
OEO_00000431;user;Agent is a role of a person or organisation that directs its activity towards achieving goals.;
OEO_00000432;user documentation;"A user documentation is a documentation intended to assist users in using the software.






Back to the super classes:




        software documentation
      


          view
        




        

        

        
        No description found.";
OEO_00000435;variable;"A generically dependent continuant that is about some thing.
        
Editor note:
        2014-03-10: The use of ""thing"" is intended to be general enough to include universals and configurations (see https://groups.google.com/d/msg/information-ontology/GBxvYZCk1oc/-L6B5fSBBTQJ).
        
Editor note:
        information_content_entity 'is_encoded_in' some digital_entity in obi before split (040907). information_content_entity 'is_encoded_in' some physical_document in obi before split (040907).

Previous. An information content entity is a non-realizable information entity that 'is encoded in' some digital or physical entity.";
OEO_00000437;volatile organic compound;"A portion of matter is an aggregate of material entities that have a state of matter.
        
Editor note:
        Portions of matter describe mass nouns like e.g. water, air and fuel. Mass nouns are uncountable, but portions of these can be quantified, like 1 glass of water, 1 m³ of air or 1 barrel of fuel. For further explanation please refer to: https://github.com/OpenEnergyPlatform/ontology/wiki/Explanation-on-mass-nouns";
OEO_00000439;waste fuel;A fuel is a portion of matter that has the disposition to be an energy carrier and that has a fuel role.;
OEO_00000440;waste power plant;A power plant is an energy transformation unit consisting of power generating units and a grid component that feeds electric energy into an electric grid.;
OEO_00000441;water;"A portion of matter is an aggregate of material entities that have a state of matter.
        
Editor note:
        Portions of matter describe mass nouns like e.g. water, air and fuel. Mass nouns are uncountable, but portions of these can be quantified, like 1 glass of water, 1 m³ of air or 1 barrel of fuel. For further explanation please refer to: https://github.com/OpenEnergyPlatform/ontology/wiki/Explanation-on-mass-nouns";
OEO_00000442;water turbine;A turbine is an energy converting component that converts energy from a moving fluid flow into rotational energy.;
OEO_00000446;wind energy;Kinetic energy is the energy that a material entity possesses due to its motion. It is defined as the work needed to accelerate a body of a given mass from rest to a stated velocity.;
OEO_00000447;wind farm;A power plant is an energy transformation unit consisting of power generating units and a grid component that feeds electric energy into an electric grid.;
OEO_00000448;wind rotor;A turbine is an energy converting component that converts energy from a moving fluid flow into rotational energy.;
OEO_00000449;wood;Biomass is a portion of matter from plants or animals and has thus has a biogenic origin.;
OEO_00010000;ammonia;"A portion of matter is an aggregate of material entities that have a state of matter.
        
Editor note:
        Portions of matter describe mass nouns like e.g. water, air and fuel. Mass nouns are uncountable, but portions of these can be quantified, like 1 glass of water, 1 m³ of air or 1 barrel of fuel. For further explanation please refer to: https://github.com/OpenEnergyPlatform/ontology/wiki/Explanation-on-mass-nouns";
OEO_00010001;carbon monoxide;"A portion of matter is an aggregate of material entities that have a state of matter.
        
Editor note:
        Portions of matter describe mass nouns like e.g. water, air and fuel. Mass nouns are uncountable, but portions of these can be quantified, like 1 glass of water, 1 m³ of air or 1 barrel of fuel. For further explanation please refer to: https://github.com/OpenEnergyPlatform/ontology/wiki/Explanation-on-mass-nouns";
OEO_00010002;nitrogen oxides;"A portion of matter is an aggregate of material entities that have a state of matter.
        
Editor note:
        Portions of matter describe mass nouns like e.g. water, air and fuel. Mass nouns are uncountable, but portions of these can be quantified, like 1 glass of water, 1 m³ of air or 1 barrel of fuel. For further explanation please refer to: https://github.com/OpenEnergyPlatform/ontology/wiki/Explanation-on-mass-nouns";
OEO_00010003;nitric oxide;Nitrogen oxides are a portion of matter consisting of compounds of nitrogen and oxygen. It is a collective term for numerous oxides of nitrogen with a gaseous normal state of matter. They can act as air pollutants.;
OEO_00010004;nitrogen dioxide;Nitrogen oxides are a portion of matter consisting of compounds of nitrogen and oxygen. It is a collective term for numerous oxides of nitrogen with a gaseous normal state of matter. They can act as air pollutants.;
OEO_00010007;sulphur dioxide;"A portion of matter is an aggregate of material entities that have a state of matter.
        
Editor note:
        Portions of matter describe mass nouns like e.g. water, air and fuel. Mass nouns are uncountable, but portions of these can be quantified, like 1 glass of water, 1 m³ of air or 1 barrel of fuel. For further explanation please refer to: https://github.com/OpenEnergyPlatform/ontology/wiki/Explanation-on-mass-nouns";
OEO_00010009;PM10;Particulate matter is a portion of matter consisting of small particles. It can act as an air pollutant.;
OEO_00010010;PM2.5;Particulate matter is a portion of matter consisting of small particles. It can act as an air pollutant.;
OEO_00010011;volatility;"The volatility disposition is the disposition of a portion of matter to sublimate or evaporate from the solid or liquid form and enter the surrounding air.






Back to the super classes:




        disposition
      


          view
        




Editor note:
        BFO 2 Reference: Dispositions exist along a strength continuum. Weaker forms of disposition are realized in only a fraction of triggering cases. These forms occur in a significant number of cases of a similar type.";
OEO_00010012;air pollutant;"A portion of matter is an aggregate of material entities that have a state of matter.
        
Editor note:
        Portions of matter describe mass nouns like e.g. water, air and fuel. Mass nouns are uncountable, but portions of these can be quantified, like 1 glass of water, 1 m³ of air or 1 barrel of fuel. For further explanation please refer to: https://github.com/OpenEnergyPlatform/ontology/wiki/Explanation-on-mass-nouns";
OEO_00010015;fossil hydrogen;Hydrogen is a portion of matter with the chemical formula H2. It has a gaseous normal state of matter. As it can be oxidised it can be used as a fuel.;
OEO_00010016;synthetic hydrogen;Hydrogen is a portion of matter with the chemical formula H2. It has a gaseous normal state of matter. As it can be oxidised it can be used as a fuel.;
OEO_00010017;synthetic fuel;A fuel is a portion of matter that has the disposition to be an energy carrier and that has a fuel role.;
OEO_00010018;synthetic methane;Methane is a hydrocarbon with the chemical formula CH4. It has a gaseous normal state of matter. It occurs naturally in the atmosphere as a trace gas and can work as a greenhouse gas. As it can be oxidised it can be used as a fuel.;
OEO_00010019;PtL fuel;A liquid synthetic fuel is a synthetic fuel that has a liquid state of matter under normal conditions.;
OEO_00010020;power-to-liquid system;A power-to-fuel system is an energy transformation unit that implements a power-to-fuel process. A water electrolyser is participating in the power-to-fuel process.;
OEO_00010021;water electrolyser;An energy converting component is an artificial object that is usually a discrete part of an energy transformation unit with the function of transforming, transferring or changing a certain type of energy.;
OEO_00010022;steam reformer;An energy converting component is an artificial object that is usually a discrete part of an energy transformation unit with the function of transforming, transferring or changing a certain type of energy.;
OEO_00010023;vehicle;An artificial object is an object that was deliberately manufactured by humans to address a particular purpose.;
OEO_00010024;battery electric vehicle;An electric vehicle (abbreviated as EV) is a vehicle that uses one or more electric traction motors.;
OEO_00010025;fuel cell electric vehicle;An electric vehicle (abbreviated as EV) is a vehicle that uses one or more electric traction motors.;
OEO_00010026;traction battery;A battery is an energy storage object using different chemical or physical reactions to store energy.;
OEO_00010027;electric motor;A motor is an energy converting component that converts other forms of energy into kinetic energy.;
OEO_00010028;electric traction motor;An electric motor is a motor that converts electrical energy into kinetic energy.;
OEO_00010029;internal combustion engine;A motor is an energy converting component that converts other forms of energy into kinetic energy.;
OEO_00010030;plug-in hybrid electric vehicle;A vehicle is an artificial object that is used for transporting people or goods.;
OEO_00010031;grid supplied electric vehicle;An electric vehicle (abbreviated as EV) is a vehicle that uses one or more electric traction motors.;
OEO_00010032;motor;An energy converting component is an artificial object that is usually a discrete part of an energy transformation unit with the function of transforming, transferring or changing a certain type of energy.;
OEO_00010034;building sector;An energy demand sector is a sector that covers energy consumers.;
OEO_00010035;agriculture, forestry and land use sector;A sector is generically dependent continuant that is a subdivision of a system.;
OEO_00010036;waste and wastewater sector;A sector is generically dependent continuant that is a subdivision of a system.;
OEO_00010051;sensitivity analysis;"p is a process = Def. p is an occurrent that has temporal proper parts and for some time t, p s-depends_on some material entity at t. (axiom label in BFO2 Reference: [083-003])
        
Editor note:
        BFO 2 Reference: The realm of occurrents is less pervasively marked by the presence of natural units than is the case in the realm of independent continuants. Thus there is here no counterpart of ‘object’. In BFO 1.0 ‘process’ served as such a counterpart. In BFO 2.0 ‘process’ is, rather, the occurrent counterpart of ‘material entity’. Those natural – as contrasted with engineered, which here means: deliberately executed – units which do exist in the realm of occurrents are typically either parasitic on the existence of natural units on the continuant side, or they are fiat in nature. Thus we can count lives; we can count football games; we can count chemical reactions performed in experiments or in chemical manufacturing. We cannot count the processes taking place, for instance, in an episode of insect mating behavior.Even where natural units are identifiable, for example cycles in a cyclical process such as the beating of a heart or an organism’s sleep/wake cycle, the processes in question form a sequence with no discontinuities (temporal gaps) of the sort that we find for instance where billiard balls or zebrafish or planets are separated by clear spatial gaps. Lives of organisms are process units, but they too unfold in a continuous series from other, prior processes such as fertilization, and they unfold in turn in continuous series of post-life processes such as post-mortem decay. Clear examples of boundaries of processes are almost always of the fiat sort (midnight, a time of death as declared in an operating theater or on a death certificate, the initiation of a state of war)";
OEO_00010055;common reporting format;A sector division is a specific way to subdivide a system.;
OEO_00010072;areal power density unit;"""A unit of measurement is a standardized quantity of a physical quality."" [Wikipedia:Wikipedia]";
OEO_00010073;areal energy density unit;"""A unit of measurement is a standardized quantity of a physical quality."" [Wikipedia:Wikipedia]";
OEO_00010074;areal power density;A quantity value is an information content entity defined by a numeral together with a unit of measurement to quantify an entity.;
OEO_00010075;areal energy density;A quantity value is an information content entity defined by a numeral together with a unit of measurement to quantify an entity.;
OEO_00010076;areal solar power density;An areal power density is a quantity value that indicates a certain power per area.;
OEO_00010077;areal solar energy density;An areal energy density is a quantity value that states a certain energy amount per area.;
OEO_00010078;global warming potential;A quantity value is an information content entity defined by a numeral together with a unit of measurement to quantify an entity.;
OEO_00010079;emission value;A quantity value is an information content entity defined by a numeral together with a unit of measurement to quantify an entity.;
OEO_00010080;solar-steam-electric process;Solar energy transformation is an energy transformation that converts solar energy.;
OEO_00010081;solar chemical energy transformation;Solar energy transformation is an energy transformation that converts solar energy.;
OEO_00010082;trade;"p is a process = Def. p is an occurrent that has temporal proper parts and for some time t, p s-depends_on some material entity at t. (axiom label in BFO2 Reference: [083-003])
        
Editor note:
        BFO 2 Reference: The realm of occurrents is less pervasively marked by the presence of natural units than is the case in the realm of independent continuants. Thus there is here no counterpart of ‘object’. In BFO 1.0 ‘process’ served as such a counterpart. In BFO 2.0 ‘process’ is, rather, the occurrent counterpart of ‘material entity’. Those natural – as contrasted with engineered, which here means: deliberately executed – units which do exist in the realm of occurrents are typically either parasitic on the existence of natural units on the continuant side, or they are fiat in nature. Thus we can count lives; we can count football games; we can count chemical reactions performed in experiments or in chemical manufacturing. We cannot count the processes taking place, for instance, in an episode of insect mating behavior.Even where natural units are identifiable, for example cycles in a cyclical process such as the beating of a heart or an organism’s sleep/wake cycle, the processes in question form a sequence with no discontinuities (temporal gaps) of the sort that we find for instance where billiard balls or zebrafish or planets are separated by clear spatial gaps. Lives of organisms are process units, but they too unfold in a continuous series from other, prior processes such as fertilization, and they unfold in turn in continuous series of post-life processes such as post-mortem decay. Clear examples of boundaries of processes are almost always of the fiat sort (midnight, a time of death as declared in an operating theater or on a death certificate, the initiation of a state of war)";
OEO_00010083;market participant;Agent is a role of a person or organisation that directs its activity towards achieving goals.;
OEO_00010084;reservoir;An artificial object is an object that was deliberately manufactured by humans to address a particular purpose.;
OEO_00010085;hydro power unit;A power generating unit is an energy transformation unit that has the function to produce electrical energy.;
OEO_00010086;hydro power plant;A power plant is an energy transformation unit consisting of power generating units and a grid component that feeds electric energy into an electric grid.;
OEO_00010087;run of river power plant;A hydro power plant is a power plant having an aggregate of hydro power generating units as its power generating unit parts.;
OEO_00010088;hydro storage power plant;A hydro power plant is a power plant having an aggregate of hydro power generating units as its power generating unit parts.;
OEO_00010089;pumped hydro storage power plant;"A hydro storage power plant is a hydro power plant that uses the available hydro energy of a stationary water storage.
        
Editor note:
        The distinction between a run of river power plant and a hydro storage power plant is important for modelling, but in reality not so easy. The chosen distinction follows the document: European Network of Transmission System Operators for Electricity (ENTSO-E): Hydropower modelling – New database complementing PECD, V.1.0, 12 December 2019, https://www.entsoe.eu/Documents/SDC%20documents/MAF/2019/Hydropower_Modelling_New_database_and_methodology.pdf";
OEO_00010090;pump;An energy converting component is an artificial object that is usually a discrete part of an energy transformation unit with the function of transforming, transferring or changing a certain type of energy.;
OEO_00010091;open-loop pumped hydro storage power plant;A pumped hydro storage power plant is a hydro storage power plant which has some pumps as parts.;
OEO_00010092;closed-loop pumped hydro storage power plant;A pumped hydro storage power plant is a hydro storage power plant which has some pumps as parts.;
OEO_00010093;river;A water body is an accumulation of liquid water of varying size on the surface of the Earth.;
OEO_00010094;reservoir hydro storage power plant;"A hydro storage power plant is a hydro power plant that uses the available hydro energy of a stationary water storage.
        
Editor note:
        The distinction between a run of river power plant and a hydro storage power plant is important for modelling, but in reality not so easy. The chosen distinction follows the document: European Network of Transmission System Operators for Electricity (ENTSO-E): Hydropower modelling – New database complementing PECD, V.1.0, 12 December 2019, https://www.entsoe.eu/Documents/SDC%20documents/MAF/2019/Hydropower_Modelling_New_database_and_methodology.pdf";
OEO_00010095;marine thermal energy;Natural ambient thermal energy is ambient thermal energy that has a renewable origin.;
OEO_00010096;marine thermal energy transfer;Heat transfer is an energy transfer of thermal energy.;
OEO_00010097;marine current energy;Natural hydro energy is hydro energy collected from the natural water cycle (rainwater, melted snow and ice).;
OEO_00010098;marine current energy transformation;Hydroelectric energy transformation is a hydro energy transformation that converts hydro energy to electrical energy.;
OEO_00010099;marine tidal energy transformation;Hydroelectric energy transformation is a hydro energy transformation that converts hydro energy to electrical energy.;
OEO_00010100;marine tidal energy;Natural hydro energy is hydro energy collected from the natural water cycle (rainwater, melted snow and ice).;
OEO_00010101;tidal flow;Water flow is a process of liquid water moving.;
OEO_00010102;marine wave energy;Natural hydro energy is hydro energy collected from the natural water cycle (rainwater, melted snow and ice).;
OEO_00010103;marine wave energy transformation;Hydroelectric energy transformation is a hydro energy transformation that converts hydro energy to electrical energy.;
OEO_00010104;water body;Liquid water is water that has a liquid state of matter.;
OEO_00010105;ocean;A water body is an accumulation of liquid water of varying size on the surface of the Earth.;
OEO_00010106;wave;Water flow is a process of liquid water moving.;
OEO_00010107;ocean current;Water flow is a process of liquid water moving.;
OEO_00010108;marine current energy converting unit;A hydro power unit is a power generating unit that uses hydro energy.;
OEO_00010109;marine tidal energy converting unit;A hydro power unit is a power generating unit that uses hydro energy.;
OEO_00010110;marine wave energy converting unit;A hydro power unit is a power generating unit that uses hydro energy.;
OEO_00010111;marine current energy power plant;A hydro power plant is a power plant having an aggregate of hydro power generating units as its power generating unit parts.;
OEO_00010112;marine tidal energy power plant;A hydro power plant is a power plant having an aggregate of hydro power generating units as its power generating unit parts.;
OEO_00010113;marine wave energy power plant;A hydro power plant is a power plant having an aggregate of hydro power generating units as its power generating unit parts.;
OEO_00010114;waste thermal energy;Thermal energy is the energy that a material entity contains in the undirected motion of its constituent parts (e.g. molecules and atoms).;
OEO_00010115;economy;"A material entity consisting of multiple components that are causally integrated.
        
Editor note:
        May be replaced by a BFO class, as discussed in http://www.jbiomedsem.com/content/4/1/43";
OEO_00010116;good;"An entity that exists in full at any time in which it exists at all, persists through time while maintaining its identity and has no temporal parts.
        
Editor note:
        BFO 2 Reference: Continuant entities are entities which can be sliced to yield parts only along the spatial dimension, yielding for example the parts of your table which we call its legs, its top, its nails. ‘My desk stretches from the window to the door. It has spatial parts, and can be sliced (in space) in two. With respect to time, however, a thing is a continuant.’ [60, p. 240
        
Editor note:
        Continuant doesn't have a closure axiom because the subclasses don't necessarily exhaust all possibilites. For example, in an expansion involving bringing in some of Ceuster's other portions of reality, questions are raised as to whether universals are continuants";
OEO_00010117;good role;"A commodity role is a good role that inheres in something that is used in commerce and is exchangeable with other commodities of the same type.
        








Back to the super classes:




        role
      


          view
        




Editor note:
        BFO 2 Reference: One major family of examples of non-rigid universals involves roles, and ontologies developed for corresponding administrative purposes may consist entirely of representatives of entities of this sort. Thus ‘professor’, defined as follows,b instance_of professor at t =Def. there is some c, c instance_of professor role & c inheres_in b at t.denotes a non-rigid universal and so also do ‘nurse’, ‘student’, ‘colonel’, ‘taxpayer’, and so forth. (These terms are all, in the jargon of philosophy, phase sortals.) By using role terms in definitions, we can create a BFO conformant treatment of such entities drawing on the fact that, while an instance of professor may be simultaneously an instance of trade union member, no instance of the type professor role is also (at any time) an instance of the type trade union member role (any more than any instance of the type color is at any time an instance of the type length).If an ontology of employment positions should be defined in terms of roles following the above pattern, this enables the ontology to do justice to the fact that individuals instantiate the corresponding universals –  professor, sergeant, nurse – only during certain phases in their lives.";
OEO_00010123;effort sharing;A regulatory instrument is a policy instrument that stipulates rules made by a government (=institution) to control the way something is done.;
OEO_00010126;Annual Emission Allocation;An emission certificate is a licence that permits its holder/owner a specific emission value. An emission certificate can be traded at a CO2 market exchange.;
OEO_00010127;secondary energy production;Production is the transformation process of combining various inputs in order to create an output that is a good.;
OEO_00010130;EU emission sector division;An EU legislation sector division is a sector division that is used in EU legislation.;
OEO_00010136;distribution;"p is a process = Def. p is an occurrent that has temporal proper parts and for some time t, p s-depends_on some material entity at t. (axiom label in BFO2 Reference: [083-003])
        
Editor note:
        BFO 2 Reference: The realm of occurrents is less pervasively marked by the presence of natural units than is the case in the realm of independent continuants. Thus there is here no counterpart of ‘object’. In BFO 1.0 ‘process’ served as such a counterpart. In BFO 2.0 ‘process’ is, rather, the occurrent counterpart of ‘material entity’. Those natural – as contrasted with engineered, which here means: deliberately executed – units which do exist in the realm of occurrents are typically either parasitic on the existence of natural units on the continuant side, or they are fiat in nature. Thus we can count lives; we can count football games; we can count chemical reactions performed in experiments or in chemical manufacturing. We cannot count the processes taking place, for instance, in an episode of insect mating behavior.Even where natural units are identifiable, for example cycles in a cyclical process such as the beating of a heart or an organism’s sleep/wake cycle, the processes in question form a sequence with no discontinuities (temporal gaps) of the sort that we find for instance where billiard balls or zebrafish or planets are separated by clear spatial gaps. Lives of organisms are process units, but they too unfold in a continuous series from other, prior processes such as fertilization, and they unfold in turn in continuous series of post-life processes such as post-mortem decay. Clear examples of boundaries of processes are almost always of the fiat sort (midnight, a time of death as declared in an operating theater or on a death certificate, the initiation of a state of war)";
OEO_00010137;metric ton;"""A unit which is a standard measure of the amount of matter/energy of a physical object."" [Wikipedia:Wikipedia]";
OEO_00010138;carbon capture;"p is a process = Def. p is an occurrent that has temporal proper parts and for some time t, p s-depends_on some material entity at t. (axiom label in BFO2 Reference: [083-003])
        
Editor note:
        BFO 2 Reference: The realm of occurrents is less pervasively marked by the presence of natural units than is the case in the realm of independent continuants. Thus there is here no counterpart of ‘object’. In BFO 1.0 ‘process’ served as such a counterpart. In BFO 2.0 ‘process’ is, rather, the occurrent counterpart of ‘material entity’. Those natural – as contrasted with engineered, which here means: deliberately executed – units which do exist in the realm of occurrents are typically either parasitic on the existence of natural units on the continuant side, or they are fiat in nature. Thus we can count lives; we can count football games; we can count chemical reactions performed in experiments or in chemical manufacturing. We cannot count the processes taking place, for instance, in an episode of insect mating behavior.Even where natural units are identifiable, for example cycles in a cyclical process such as the beating of a heart or an organism’s sleep/wake cycle, the processes in question form a sequence with no discontinuities (temporal gaps) of the sort that we find for instance where billiard balls or zebrafish or planets are separated by clear spatial gaps. Lives of organisms are process units, but they too unfold in a continuous series from other, prior processes such as fertilization, and they unfold in turn in continuous series of post-life processes such as post-mortem decay. Clear examples of boundaries of processes are almost always of the fiat sort (midnight, a time of death as declared in an operating theater or on a death certificate, the initiation of a state of war)";
OEO_00010139;direct air capture;Carbon capture is a process that captures carbon dioxide from a gas.;
OEO_00010140;carbon storage;"p is a process = Def. p is an occurrent that has temporal proper parts and for some time t, p s-depends_on some material entity at t. (axiom label in BFO2 Reference: [083-003])
        
Editor note:
        BFO 2 Reference: The realm of occurrents is less pervasively marked by the presence of natural units than is the case in the realm of independent continuants. Thus there is here no counterpart of ‘object’. In BFO 1.0 ‘process’ served as such a counterpart. In BFO 2.0 ‘process’ is, rather, the occurrent counterpart of ‘material entity’. Those natural – as contrasted with engineered, which here means: deliberately executed – units which do exist in the realm of occurrents are typically either parasitic on the existence of natural units on the continuant side, or they are fiat in nature. Thus we can count lives; we can count football games; we can count chemical reactions performed in experiments or in chemical manufacturing. We cannot count the processes taking place, for instance, in an episode of insect mating behavior.Even where natural units are identifiable, for example cycles in a cyclical process such as the beating of a heart or an organism’s sleep/wake cycle, the processes in question form a sequence with no discontinuities (temporal gaps) of the sort that we find for instance where billiard balls or zebrafish or planets are separated by clear spatial gaps. Lives of organisms are process units, but they too unfold in a continuous series from other, prior processes such as fertilization, and they unfold in turn in continuous series of post-life processes such as post-mortem decay. Clear examples of boundaries of processes are almost always of the fiat sort (midnight, a time of death as declared in an operating theater or on a death certificate, the initiation of a state of war)";
OEO_00010141;carbon capture and storage;"p is a process = Def. p is an occurrent that has temporal proper parts and for some time t, p s-depends_on some material entity at t. (axiom label in BFO2 Reference: [083-003])
        
Editor note:
        BFO 2 Reference: The realm of occurrents is less pervasively marked by the presence of natural units than is the case in the realm of independent continuants. Thus there is here no counterpart of ‘object’. In BFO 1.0 ‘process’ served as such a counterpart. In BFO 2.0 ‘process’ is, rather, the occurrent counterpart of ‘material entity’. Those natural – as contrasted with engineered, which here means: deliberately executed – units which do exist in the realm of occurrents are typically either parasitic on the existence of natural units on the continuant side, or they are fiat in nature. Thus we can count lives; we can count football games; we can count chemical reactions performed in experiments or in chemical manufacturing. We cannot count the processes taking place, for instance, in an episode of insect mating behavior.Even where natural units are identifiable, for example cycles in a cyclical process such as the beating of a heart or an organism’s sleep/wake cycle, the processes in question form a sequence with no discontinuities (temporal gaps) of the sort that we find for instance where billiard balls or zebrafish or planets are separated by clear spatial gaps. Lives of organisms are process units, but they too unfold in a continuous series from other, prior processes such as fertilization, and they unfold in turn in continuous series of post-life processes such as post-mortem decay. Clear examples of boundaries of processes are almost always of the fiat sort (midnight, a time of death as declared in an operating theater or on a death certificate, the initiation of a state of war)";
OEO_00010144;solid combustion fuel;A combustion fuel is a fuel that realises its fuel role in processes that release energy in the form of heat or work by chemical reaction with other substances.;
OEO_00010145;liquid combustion fuel;A combustion fuel is a fuel that realises its fuel role in processes that release energy in the form of heat or work by chemical reaction with other substances.;
OEO_00010146;gaseous combustion fuel;A combustion fuel is a fuel that realises its fuel role in processes that release energy in the form of heat or work by chemical reaction with other substances.;
OEO_00010147;liquid fossil fuel;A fossil combustion fuel is a combustion fuel with the origin fossil.;
OEO_00010148;gaseous fossil fuel;A fossil combustion fuel is a combustion fuel with the origin fossil.;
OEO_00010149;solid renewable fuel;A renewable fuel is a fuel that has a renewable origin and an renewable energy carrier disposition;
OEO_00010150;liquid renewable fuel;A renewable fuel is a fuel that has a renewable origin and an renewable energy carrier disposition;
OEO_00010151;gaseous renewable fuel;A renewable fuel is a fuel that has a renewable origin and an renewable energy carrier disposition;
OEO_00010153;gaseous biofuel;A biofuel is a combustion fuel that has a biogenic origin.;
OEO_00010154;solid synthetic fuel;A synthetic fuel is a fuel produced from one or more portion(s) of matter using electric energy.;
OEO_00010155;gaseous synthetic fuel;A synthetic fuel is a fuel produced from one or more portion(s) of matter using electric energy.;
OEO_00010156;liquid synthetic fuel;A synthetic fuel is a fuel produced from one or more portion(s) of matter using electric energy.;
OEO_00010157;power value;A quantity value is an information content entity defined by a numeral together with a unit of measurement to quantify an entity.;
OEO_00010210;energy use;Consumption is the process of using something and thereby reducing its amount.;
OEO_00010211;non-energy use;Consumption is the process of using something and thereby reducing its amount.;
OEO_00010212;decarbonisation pathway;A policy is a plan specification that is a deliberate system of principles, rules and guidelines, adopted by an organisation to guide decision making with respect to particular situations and implemented to achieve stated goals.;
OEO_00010213;emission constraint;A constraint is a condition that has to be fulfilled within a calculation.;
OEO_00010214;biomass;"A portion of matter is an aggregate of material entities that have a state of matter.
        
Editor note:
        Portions of matter describe mass nouns like e.g. water, air and fuel. Mass nouns are uncountable, but portions of these can be quantified, like 1 glass of water, 1 m³ of air or 1 barrel of fuel. For further explanation please refer to: https://github.com/OpenEnergyPlatform/ontology/wiki/Explanation-on-mass-nouns";
OEO_00010215;biomethane;A gas mixture is a portion of matter that is a composition of different kinds of portions of matter and that has a gaseous normal state of matter.;
OEO_00010216;power-to-gas process;A power-to-fuel process is an energy transformation that converts electrical energy to chemical energy by synthesising portions of matter into a synthetic fuel.;
OEO_00010217;power-to-methane process;A power-to-gas process is a power-to-fuel process that converts electrical energy to chemical energy by synthesising portions of matter into a gaseous synthetic fuel.;
OEO_00010218;oxygen;"A portion of matter is an aggregate of material entities that have a state of matter.
        
Editor note:
        Portions of matter describe mass nouns like e.g. water, air and fuel. Mass nouns are uncountable, but portions of these can be quantified, like 1 glass of water, 1 m³ of air or 1 barrel of fuel. For further explanation please refer to: https://github.com/OpenEnergyPlatform/ontology/wiki/Explanation-on-mass-nouns";
OEO_00010219;water electrolysis process;Energy transformation is a transformation in which one or more certain types of energy as input result in certain types of energy as output.;
OEO_00010220;methanation;A redox reaction is a chemical reaction in which the oxidation of one reactant is coupled to the reduction of a second reactant.;
OEO_00010221;synthetic ammonia;Ammonia is a portion of matter with the chemical formula NH3. It has a gaseous normal state of matter and can act as an air pollutant. As it can be oxidised it can be used as a fuel.;
OEO_00010222;power-to-ammonia process;A power-to-gas process is a power-to-fuel process that converts electrical energy to chemical energy by synthesising portions of matter into a gaseous synthetic fuel.;
OEO_00010223;biogenic waste fuel;A waste fuel is a fuel in which the material entity is waste.;
OEO_00010224;fossil waste fuel;A waste fuel is a fuel in which the material entity is waste.;
OEO_00010225;biogenic industrial waste fuel;An industrial waste fuel is waste fuel produced by industry.;
OEO_00010226;fossil industrial waste fuel;An industrial waste fuel is waste fuel produced by industry.;
OEO_00010227;memo item;"A generically dependent continuant that is about some thing.
        
Editor note:
        2014-03-10: The use of ""thing"" is intended to be general enough to include universals and configurations (see https://groups.google.com/d/msg/information-ontology/GBxvYZCk1oc/-L6B5fSBBTQJ).
        
Editor note:
        information_content_entity 'is_encoded_in' some digital_entity in obi before split (040907). information_content_entity 'is_encoded_in' some physical_document in obi before split (040907).

Previous. An information content entity is a non-realizable information entity that 'is encoded in' some digital or physical entity.";
OEO_00010233;forecast error;A quantity value is an information content entity defined by a numeral together with a unit of measurement to quantify an entity.;
OEO_00010236;gas mixture;"A portion of matter is an aggregate of material entities that have a state of matter.
        
Editor note:
        Portions of matter describe mass nouns like e.g. water, air and fuel. Mass nouns are uncountable, but portions of these can be quantified, like 1 glass of water, 1 m³ of air or 1 barrel of fuel. For further explanation please refer to: https://github.com/OpenEnergyPlatform/ontology/wiki/Explanation-on-mass-nouns";
OEO_00010237;liquefied natural gas;Natural gas is a gas mixture occurring in underground deposits, whether liquefied or gaseous, and consisting mainly of methane.;
OEO_00010239;gasoline fuel role;A fuel role is a role of a portion of matter that has the disposition to be an energy carrier and is used in a process that releases the carried energy by transforming the portion of matter into a different kind of portion of matter in a way that releases heat or does work.;
OEO_00010240;diesel fuel role;A fuel role is a role of a portion of matter that has the disposition to be an energy carrier and is used in a process that releases the carried energy by transforming the portion of matter into a different kind of portion of matter in a way that releases heat or does work.;
OEO_00010241;gasoline fuel;A combustion fuel is a fuel that realises its fuel role in processes that release energy in the form of heat or work by chemical reaction with other substances.;
OEO_00010242;diesel fuel;A combustion fuel is a fuel that realises its fuel role in processes that release energy in the form of heat or work by chemical reaction with other substances.;
OEO_00010243;gasoline engine;An internal combustion engine is a motor that converts chemical energy into kinetic energy using a cyclic combustion process.;
OEO_00010244;diesel engine;An internal combustion engine is a motor that converts chemical energy into kinetic energy using a cyclic combustion process.;
OEO_00010245;gasoline vehicle;An internal combustion vehicle is a vehicle that uses an internal combustion engine for propulsion.;
OEO_00010246;diesel vehicle;An internal combustion vehicle is a vehicle that uses an internal combustion engine for propulsion.;
OEO_00010247;abbreviation;"An information content entity that is a mark(s) or character(s) used as a conventional representation of another entity.
        
Editor note:
        20091104, MC: this needs work and will most probably change
        
Editor note:
        2014-03-31: We would like to have a deeper analysis of 'mark' and 'sign' in the future (see https://github.com/information-artifact-ontology/IAO/issues/154).";
OEO_00010248;heat generation process;Energy transformation is a transformation in which one or more certain types of energy as input result in certain types of energy as output.;
OEO_00010249;combustion thermal energy transformation;Energy transformation is a transformation in which one or more certain types of energy as input result in certain types of energy as output.;
OEO_00010250;study factsheet;A factsheet is a document that collects information about a specific topic in a structured way.;
OEO_00010251;OEP study factsheet;A study factsheet is a factsheet that contains information about a scenario study.;
OEO_00010252;scenario study;"A study is a project with the goal to methodologically investigate something.
        
Editor note:
        The construct 'has funding source' some ('has role' some funder) is necessary, because has funding source has the range has role some funder. This range comes from issue https://github.com/OpenEnergyPlatform/ontology/issues/850 : funding source is some kind of independent continuant, i.e. a organisation or person, that does something special (giving money). So it is anything that has role some funder.";
OEO_00010253;traction;"p is a process = Def. p is an occurrent that has temporal proper parts and for some time t, p s-depends_on some material entity at t. (axiom label in BFO2 Reference: [083-003])
        
Editor note:
        BFO 2 Reference: The realm of occurrents is less pervasively marked by the presence of natural units than is the case in the realm of independent continuants. Thus there is here no counterpart of ‘object’. In BFO 1.0 ‘process’ served as such a counterpart. In BFO 2.0 ‘process’ is, rather, the occurrent counterpart of ‘material entity’. Those natural – as contrasted with engineered, which here means: deliberately executed – units which do exist in the realm of occurrents are typically either parasitic on the existence of natural units on the continuant side, or they are fiat in nature. Thus we can count lives; we can count football games; we can count chemical reactions performed in experiments or in chemical manufacturing. We cannot count the processes taking place, for instance, in an episode of insect mating behavior.Even where natural units are identifiable, for example cycles in a cyclical process such as the beating of a heart or an organism’s sleep/wake cycle, the processes in question form a sequence with no discontinuities (temporal gaps) of the sort that we find for instance where billiard balls or zebrafish or planets are separated by clear spatial gaps. Lives of organisms are process units, but they too unfold in a continuous series from other, prior processes such as fertilization, and they unfold in turn in continuous series of post-life processes such as post-mortem decay. Clear examples of boundaries of processes are almost always of the fiat sort (midnight, a time of death as declared in an operating theater or on a death certificate, the initiation of a state of war)";
OEO_00010254;traction motor;A motor is an energy converting component that converts other forms of energy into kinetic energy.;
OEO_00010255;nationally determined contribution;A target description is an objective specification that contains statements about a desired future state of a system that a person or organisation commits to in a legally binding way.;
OEO_00010256;maximum value;A quantity value is an information content entity defined by a numeral together with a unit of measurement to quantify an entity.;
OEO_00010257;power capacity;A power rating is a maximum value stating the maximum power an energy converting component can convert.;
OEO_00010258;bioenergy;Chemical energy is energy that is stored in the chemical bonds of a substance, which can be released by a chemical reaction.;
OEO_00010259;measurement device;An artificial object is an object that was deliberately manufactured by humans to address a particular purpose.;
OEO_00010260;parameterisation;"p is a process = Def. p is an occurrent that has temporal proper parts and for some time t, p s-depends_on some material entity at t. (axiom label in BFO2 Reference: [083-003])
        
Editor note:
        BFO 2 Reference: The realm of occurrents is less pervasively marked by the presence of natural units than is the case in the realm of independent continuants. Thus there is here no counterpart of ‘object’. In BFO 1.0 ‘process’ served as such a counterpart. In BFO 2.0 ‘process’ is, rather, the occurrent counterpart of ‘material entity’. Those natural – as contrasted with engineered, which here means: deliberately executed – units which do exist in the realm of occurrents are typically either parasitic on the existence of natural units on the continuant side, or they are fiat in nature. Thus we can count lives; we can count football games; we can count chemical reactions performed in experiments or in chemical manufacturing. We cannot count the processes taking place, for instance, in an episode of insect mating behavior.Even where natural units are identifiable, for example cycles in a cyclical process such as the beating of a heart or an organism’s sleep/wake cycle, the processes in question form a sequence with no discontinuities (temporal gaps) of the sort that we find for instance where billiard balls or zebrafish or planets are separated by clear spatial gaps. Lives of organisms are process units, but they too unfold in a continuous series from other, prior processes such as fertilization, and they unfold in turn in continuous series of post-life processes such as post-mortem decay. Clear examples of boundaries of processes are almost always of the fiat sort (midnight, a time of death as declared in an operating theater or on a death certificate, the initiation of a state of war)";
OEO_00010261;model calibration;"p is a process = Def. p is an occurrent that has temporal proper parts and for some time t, p s-depends_on some material entity at t. (axiom label in BFO2 Reference: [083-003])
        
Editor note:
        BFO 2 Reference: The realm of occurrents is less pervasively marked by the presence of natural units than is the case in the realm of independent continuants. Thus there is here no counterpart of ‘object’. In BFO 1.0 ‘process’ served as such a counterpart. In BFO 2.0 ‘process’ is, rather, the occurrent counterpart of ‘material entity’. Those natural – as contrasted with engineered, which here means: deliberately executed – units which do exist in the realm of occurrents are typically either parasitic on the existence of natural units on the continuant side, or they are fiat in nature. Thus we can count lives; we can count football games; we can count chemical reactions performed in experiments or in chemical manufacturing. We cannot count the processes taking place, for instance, in an episode of insect mating behavior.Even where natural units are identifiable, for example cycles in a cyclical process such as the beating of a heart or an organism’s sleep/wake cycle, the processes in question form a sequence with no discontinuities (temporal gaps) of the sort that we find for instance where billiard balls or zebrafish or planets are separated by clear spatial gaps. Lives of organisms are process units, but they too unfold in a continuous series from other, prior processes such as fertilization, and they unfold in turn in continuous series of post-life processes such as post-mortem decay. Clear examples of boundaries of processes are almost always of the fiat sort (midnight, a time of death as declared in an operating theater or on a death certificate, the initiation of a state of war)";
OEO_00010262;scenario projection;"p is a process = Def. p is an occurrent that has temporal proper parts and for some time t, p s-depends_on some material entity at t. (axiom label in BFO2 Reference: [083-003])
        
Editor note:
        BFO 2 Reference: The realm of occurrents is less pervasively marked by the presence of natural units than is the case in the realm of independent continuants. Thus there is here no counterpart of ‘object’. In BFO 1.0 ‘process’ served as such a counterpart. In BFO 2.0 ‘process’ is, rather, the occurrent counterpart of ‘material entity’. Those natural – as contrasted with engineered, which here means: deliberately executed – units which do exist in the realm of occurrents are typically either parasitic on the existence of natural units on the continuant side, or they are fiat in nature. Thus we can count lives; we can count football games; we can count chemical reactions performed in experiments or in chemical manufacturing. We cannot count the processes taking place, for instance, in an episode of insect mating behavior.Even where natural units are identifiable, for example cycles in a cyclical process such as the beating of a heart or an organism’s sleep/wake cycle, the processes in question form a sequence with no discontinuities (temporal gaps) of the sort that we find for instance where billiard balls or zebrafish or planets are separated by clear spatial gaps. Lives of organisms are process units, but they too unfold in a continuous series from other, prior processes such as fertilization, and they unfold in turn in continuous series of post-life processes such as post-mortem decay. Clear examples of boundaries of processes are almost always of the fiat sort (midnight, a time of death as declared in an operating theater or on a death certificate, the initiation of a state of war)";
OEO_00010263;passenger transport;Transport is the process of moving people or goods from one place to another.;
OEO_00010264;passenger;Agent is a role of a person or organisation that directs its activity towards achieving goals.;
OEO_00010265;energy service demand for passenger-kilometre;"An energy service demand is a demand of an agent to use energy as a means to obtain or facilitate desired end services or states.
        
Editor note:
        An example is the transport demand for goods or persons (e.g. in person/tonne-kilometres). An other example is the demand for room heating or cooling.";
OEO_00010266;energy service demand for ton-kilometre;"An energy service demand is a demand of an agent to use energy as a means to obtain or facilitate desired end services or states.
        
Editor note:
        An example is the transport demand for goods or persons (e.g. in person/tonne-kilometres). An other example is the demand for room heating or cooling.";
OEO_00010267;steam reforming;A chemical reaction is a transformation that involves the interconversion of chemical species.;
OEO_00010268;emission price;A monetary value is a quantity value that states the amount of money specified in monetary units.;
OEO_00010269;CO2 price;An emission price is a monetary price of emitting a certain emission value.;
OEO_00010270;carbon tax value;A CO2 price is an emission price of emitting a certain CO2 emission value.;
OEO_00010271;CO2 emission certificate price;Emission certificate price is a monetary price of an emission certificate that allows the emission of a certain emission value.;
OEO_00010273;land vehicle;A vehicle is an artificial object that is used for transporting people or goods.;
OEO_00010274;road vehicle;A land vehicle is a vehicle that is moved by applying forces against the ground.;
OEO_00010275;motorised road vehicle;A road vehicle is a vehicle that uses roads.;
OEO_00010276;car;A motorised road vehicle is a road vehicle that has a traction motor.;
OEO_00010277;bus;A motorised road vehicle is a road vehicle that has a traction motor.;
OEO_00010278;truck;A motorised road vehicle is a road vehicle that has a traction motor.;
OEO_00010279;bicycle;A road vehicle is a vehicle that uses roads.;
OEO_00010280;train;A land vehicle is a vehicle that is moved by applying forces against the ground.;
OEO_00010281;freight train;A train is a vehicle that uses railway tracks.;
OEO_00010282;passenger train;A train is a vehicle that uses railway tracks.;
OEO_00010283;e-bike;A bicycle is a road vehicle that has two wheels and is propelled by a person.;
OEO_00010284;motorcycle;A motorised road vehicle is a road vehicle that has a traction motor.;
OEO_00010285;watercraft;A vehicle is an artificial object that is used for transporting people or goods.;
OEO_00010286;ship;A watercraft is a vehicle that is driving through water.;
OEO_00010287;passenger ship;A ship is a watercraft of significant size that is driving on the water surface.;
OEO_00010288;cargo ship;A ship is a watercraft of significant size that is driving on the water surface.;
OEO_00010289;container ship;A cargo ship is a ship that is used for freight transport.;
OEO_00010290;tank ship;A cargo ship is a ship that is used for freight transport.;
OEO_00010291;motorised vehicle;A vehicle is an artificial object that is used for transporting people or goods.;
OEO_00010292;aircraft;A vehicle is an artificial object that is used for transporting people or goods.;
OEO_00010293;airplane;An aircraft is a vehicle that is flying in the air.;
OEO_00010294;helicopter;An aircraft is a vehicle that is flying in the air.;
OEO_00010295;conventional energy;Energy is a quality of material entities which manifests as a capacity to perform work (such as causing motion or the interaction of molecules);
OEO_00010296;primary energy consumption calculation method;A methodology is a plan specification that describes processes that are part of a study.;
OEO_00010297;substitution method;A primary energy consumption calculation method is a methodology to calculate primary energy consumption.;
OEO_00010298;direct equivalent method;A primary energy consumption calculation method is a methodology to calculate primary energy consumption.;
OEO_00010299;physical method;A primary energy consumption calculation method is a methodology to calculate primary energy consumption.;
OEO_00010300;current collector;An energy converting component is an artificial object that is usually a discrete part of an energy transformation unit with the function of transforming, transferring or changing a certain type of energy.;
OEO_00010301;gas turbine vehicle;A vehicle is an artificial object that is used for transporting people or goods.;
OEO_00010302;jet fuel vehicle;A gas turbine vehicle is a vehicle that uses a gas turbine for propulsion.;
OEO_00010303;jet fuel turbine;A gas turbine is a turbine that participates in a gas turbine process. It is also called combustion turbine.;
OEO_00010304;NC/BR sector division;A CRF-based sector division is a sector division that is derived from a common reporting format.;
OEO_00010313;sectoral energy consumption;Energy use is the consumption of an energy carrier making use of the energy it carries.;
OEO_00010314;sectoral emission;emission is a process releasing by-products from human activity (e.g. production, distribution or consumption) into the environment.;
OEO_00010315;mineral oil refining process;Secondary energy production is the production of secondary energy carriers.;
OEO_00010316;mineral oil product;A fossil combustion fuel is a combustion fuel with the origin fossil.;
OEO_00010317;mineral oil;A fossil combustion fuel is a combustion fuel with the origin fossil.;
OEO_00010318;mineral oil refinery;An energy transformation unit is an artificial object that transforms, changes or transfers a certain type of energy.;
OEO_00010319;mineral oil refining sector;An energy transformation sector is a sector that covers energy production, energy transformation from primary to secondary energy and transport of energy to the demand sector.;
OEO_00010320;international transport sector;A transport sector is a sector that covers transport of people and/or goods.;
OEO_00010321;chemical energy storage function;An energy storage function is the function of an artificial object that has been engineered to contain energy for later usage whereby input energy and usable output energy are of the same type.;
OEO_00010322;electrical energy storage function;An energy storage function is the function of an artificial object that has been engineered to contain energy for later usage whereby input energy and usable output energy are of the same type.;
OEO_00010323;kinetic energy storage function;An energy storage function is the function of an artificial object that has been engineered to contain energy for later usage whereby input energy and usable output energy are of the same type.;
OEO_00010324;potential energy storage function;An energy storage function is the function of an artificial object that has been engineered to contain energy for later usage whereby input energy and usable output energy are of the same type.;
OEO_00010325;underground fuel storage object;An energy storage object is an artificial object that has the function energy storage.;
OEO_00010326;refinery gas;A gas mixture is a portion of matter that is a composition of different kinds of portions of matter and that has a gaseous normal state of matter.;
OEO_00010327;petroleum coke;"A portion of matter is an aggregate of material entities that have a state of matter.
        
Editor note:
        Portions of matter describe mass nouns like e.g. water, air and fuel. Mass nouns are uncountable, but portions of these can be quantified, like 1 glass of water, 1 m³ of air or 1 barrel of fuel. For further explanation please refer to: https://github.com/OpenEnergyPlatform/ontology/wiki/Explanation-on-mass-nouns";
OEO_00010328;OEP user;A user is an agent that employs an aid, tool or information system to achieve a goal/benefit.;
OEO_00010329;qualitist;An OEP user is a user who interacts with the Open Energy Platform.;
OEO_00010330;quantitist;An OEP user is a user who interacts with the Open Energy Platform.;
OEO_00010331;apinist;An OEP user is a user who interacts with the Open Energy Platform.;
OEO_00010332;sustainability criterion;"A directive information entity with action specifications and objective specifications as parts, and that may be concretized as a realizable entity that, if realized, is realized in a process in which the bearer tries to achieve the objectives by taking the actions specified.
        
Editor note:
        2009-03-16: provenance: a term a plan was proposed for OBI (OBI_0000344) , edited by the PlanAndPlannedProcess branch. Original definition was "" a plan is a specification of a process that is realized by an actor to achieve the objective specified as part of the plan"". It has been subsequently moved to IAO where the objective for which the original term was defined was satisfied with the definitionof this, different, term.
        
Editor note:
        2014-03-31: A plan specification can have other parts, such as conditional specifications.
        
Editor note:
        2022-01-16 Updated definition to that proposed by Clint Dowloand, IAO Issue 231.
        
Editor note:
        Alternative previous definition: a plan is a set of instructions that specify how an objective should be achieved";
OEO_00010333;material sustainability;"Material sustainability is a disposition is a material entity that conforms to some sustainability criteria.






Back to the super classes:




        disposition
      


          view
        




Editor note:
        BFO 2 Reference: Dispositions exist along a strength continuum. Weaker forms of disposition are realized in only a fraction of triggering cases. These forms occur in a significant number of cases of a similar type.";
OEO_00010334;process sustainability;A process attribute is a dependent occurrent that existentially depends on a process.;
OEO_00010335;sustainable process;"p is a process = Def. p is an occurrent that has temporal proper parts and for some time t, p s-depends_on some material entity at t. (axiom label in BFO2 Reference: [083-003])
        
Editor note:
        BFO 2 Reference: The realm of occurrents is less pervasively marked by the presence of natural units than is the case in the realm of independent continuants. Thus there is here no counterpart of ‘object’. In BFO 1.0 ‘process’ served as such a counterpart. In BFO 2.0 ‘process’ is, rather, the occurrent counterpart of ‘material entity’. Those natural – as contrasted with engineered, which here means: deliberately executed – units which do exist in the realm of occurrents are typically either parasitic on the existence of natural units on the continuant side, or they are fiat in nature. Thus we can count lives; we can count football games; we can count chemical reactions performed in experiments or in chemical manufacturing. We cannot count the processes taking place, for instance, in an episode of insect mating behavior.Even where natural units are identifiable, for example cycles in a cyclical process such as the beating of a heart or an organism’s sleep/wake cycle, the processes in question form a sequence with no discontinuities (temporal gaps) of the sort that we find for instance where billiard balls or zebrafish or planets are separated by clear spatial gaps. Lives of organisms are process units, but they too unfold in a continuous series from other, prior processes such as fertilization, and they unfold in turn in continuous series of post-life processes such as post-mortem decay. Clear examples of boundaries of processes are almost always of the fiat sort (midnight, a time of death as declared in an operating theater or on a death certificate, the initiation of a state of war)";
OEO_00010336;sustainable biofuel;A biofuel is a combustion fuel that has a biogenic origin.;
OEO_00010337;non-sustainable biofuel;A biofuel is a combustion fuel that has a biogenic origin.;
OEO_00010360;source category;A sector is generically dependent continuant that is a subdivision of a system.;
OEO_00010361;renewable power unit;A power generating unit is an energy transformation unit that has the function to produce electrical energy.;
OEO_00010362;renewable power plant;A power plant is an energy transformation unit consisting of power generating units and a grid component that feeds electric energy into an electric grid.;
OEO_00010379;electrolytic hydrogen;Hydrogen is a portion of matter with the chemical formula H2. It has a gaseous normal state of matter. As it can be oxidised it can be used as a fuel.;
OEO_00010380;renewable electrolytic hydrogen;Electrolytic hydrogen is hydrogen that is a physical output of a water electrolysis process.;
OEO_00010381;steam reforming hydrogen;Hydrogen is a portion of matter with the chemical formula H2. It has a gaseous normal state of matter. As it can be oxidised it can be used as a fuel.;
OEO_00010382;fossil steam reforming hydrogen;Hydrogen is a portion of matter with the chemical formula H2. It has a gaseous normal state of matter. As it can be oxidised it can be used as a fuel.;
OEO_00010383;abated steam reforming hydrogen;Hydrogen is a portion of matter with the chemical formula H2. It has a gaseous normal state of matter. As it can be oxidised it can be used as a fuel.;
OEO_00010384;renewable electrical energy;Electrical energy is a form of energy derived from the potential or kinetic energy of charged particles.;
OEO_00010385;energy transformation function;"A renewable energy function is the energy transformation function to transform renewable energy.
        








Back to the super classes:




        function
      


          view
        




Editor note:
        BFO 2 Reference: In the past, we have distinguished two varieties of function, artifactual function and biological function. These are not asserted subtypes of BFO:function however, since the same function – for example: to pump, to transport – can exist both in artifacts and in biological entities. The asserted subtypes of function that would be needed in order to yield a separate monoheirarchy are not artifactual function, biological function, etc., but rather transporting function, pumping function, etc.";
OEO_00010386;electricity generation function;An energy transformation function is the function of an artificial object that has been engineered to transform input energy into usable output energy of a different type.;
OEO_00010387;heat generation function;An energy transformation function is the function of an artificial object that has been engineered to transform input energy into usable output energy of a different type.;
OEO_00010388;renewable energy transformation function;An energy transformation function is the function of an artificial object that has been engineered to transform input energy into usable output energy of a different type.;
OEO_00010392;direct solar radiation;"Solar radiation is radiation that is emitted by the sun.
        
Editor note:
        Solar radiation is the mereological sum of direct solar radiation and diffuse solar radiation";
OEO_00010393;diffuse solar radiation;"Solar radiation is radiation that is emitted by the sun.
        
Editor note:
        Solar radiation is the mereological sum of direct solar radiation and diffuse solar radiation";
OEO_00010394;non-scattered radiant flux density;An areal solar power density is an areal power density that indicates the arriving solar power per area. A synonym for areal solar power density is irradiance.;
OEO_00010395;solar tracking;"p is a process = Def. p is an occurrent that has temporal proper parts and for some time t, p s-depends_on some material entity at t. (axiom label in BFO2 Reference: [083-003])
        
Editor note:
        BFO 2 Reference: The realm of occurrents is less pervasively marked by the presence of natural units than is the case in the realm of independent continuants. Thus there is here no counterpart of ‘object’. In BFO 1.0 ‘process’ served as such a counterpart. In BFO 2.0 ‘process’ is, rather, the occurrent counterpart of ‘material entity’. Those natural – as contrasted with engineered, which here means: deliberately executed – units which do exist in the realm of occurrents are typically either parasitic on the existence of natural units on the continuant side, or they are fiat in nature. Thus we can count lives; we can count football games; we can count chemical reactions performed in experiments or in chemical manufacturing. We cannot count the processes taking place, for instance, in an episode of insect mating behavior.Even where natural units are identifiable, for example cycles in a cyclical process such as the beating of a heart or an organism’s sleep/wake cycle, the processes in question form a sequence with no discontinuities (temporal gaps) of the sort that we find for instance where billiard balls or zebrafish or planets are separated by clear spatial gaps. Lives of organisms are process units, but they too unfold in a continuous series from other, prior processes such as fertilization, and they unfold in turn in continuous series of post-life processes such as post-mortem decay. Clear examples of boundaries of processes are almost always of the fiat sort (midnight, a time of death as declared in an operating theater or on a death certificate, the initiation of a state of war)";
OEO_00010396;single axis tracking;Solar tracking is a process in which a radiation receiving surface is following the path of the sun on the sky.;
OEO_00010397;two axis tracking;Solar tracking is a process in which a radiation receiving surface is following the path of the sun on the sky.;
OEO_00010398;solar tracked receiving surface;A solar radiation receiving surface is a surface that is receiving solar energy via solar radiation.;
OEO_00010399;single axis tracked receiving surface;A solar radiation receiving surface is a surface that is receiving solar energy via solar radiation.;
OEO_00010400;two axis tracked receiving surface;A solar radiation receiving surface is a surface that is receiving solar energy via solar radiation.;
OEO_00010401;power-only generating unit;A power generating unit is an energy transformation unit that has the function to produce electrical energy.;
OEO_00010402;CRF-based sector division;A sector division is a specific way to subdivide a system.;
OEO_00010403;EU legislation sector division;A sector division is a specific way to subdivide a system.;
OEO_00010404;energy balance data set;An empirical data set is a dataset that is obtained from observations in the real world.;
OEO_00010405;energy balance collection;"A data item that is an aggregate of other data items of the same type that have something in common. Averages and distributions can be determined for data sets.
        
Editor note:
        2009/10/23 Alan Ruttenberg. The intention is that this term represent collections of like data. So this isn't for, e.g. the whole contents of a cel file, which includes parameters, metadata etc. This is more like java arrays of a certain rather specific type
        
Editor note:
        2014-05-05: Data sets are aggregates and thus must include two or more data items. We have chosen not to add logical axioms to make this restriction.";
OEO_00010406;energy balance calculation method;A methodology is a plan specification that describes processes that are part of a study.;
OEO_00010407;energy balance sector division;A sector division is a specific way to subdivide a system.;
OEO_00010408;Brent crude;Crude oil is a portion of mater of fossil origin comprising a mixture of hydrocarbons and associated impurities, such as sulphur. It exists in the liquid phase under normal surface temperature and pressure and its physical characteristics (density, viscosity, etc.) are highly variable. This category includes field or lease condensate recovered from associated and non-associated gas where it is commingled with the commercial crude oil stream.;
OEO_00010409;Western Texas Intermediate;Crude oil is a portion of mater of fossil origin comprising a mixture of hydrocarbons and associated impurities, such as sulphur. It exists in the liquid phase under normal surface temperature and pressure and its physical characteristics (density, viscosity, etc.) are highly variable. This category includes field or lease condensate recovered from associated and non-associated gas where it is commingled with the commercial crude oil stream.;
OEO_00010410;energy transfer function;"An energy transfer function is a function of a grid component link that has been engineered to transfer energy over a spatial distance.






Back to the super classes:




        function
      


          view
        




Editor note:
        BFO 2 Reference: In the past, we have distinguished two varieties of function, artifactual function and biological function. These are not asserted subtypes of BFO:function however, since the same function – for example: to pump, to transport – can exist both in artifacts and in biological entities. The asserted subtypes of function that would be needed in order to yield a separate monoheirarchy are not artifactual function, biological function, etc., but rather transporting function, pumping function, etc.";
OEO_00010411;forecast;"A generically dependent continuant that is about some thing.
        
Editor note:
        2014-03-10: The use of ""thing"" is intended to be general enough to include universals and configurations (see https://groups.google.com/d/msg/information-ontology/GBxvYZCk1oc/-L6B5fSBBTQJ).
        
Editor note:
        information_content_entity 'is_encoded_in' some digital_entity in obi before split (040907). information_content_entity 'is_encoded_in' some physical_document in obi before split (040907).

Previous. An information content entity is a non-realizable information entity that 'is encoded in' some digital or physical entity.";
OEO_00010412;creative work licence;A copyright licence is a licence that states the ownership and contractually sets the rights and obligations to use, copy, and distribute a creative work.;
OEO_00010413;subsurface collector;A heat exchanger is an energy converting component that is used for a heat transfer process.;
OEO_00010414;downhole heat exchanger;A heat exchanger is an energy converting component that is used for a heat transfer process.;
OEO_00010415;nuclear;Conventional is an origin of energies that don't replenish when transformed / consumed.;
OEO_00010416;nuclear electric hydrogen;Electrolytic hydrogen is hydrogen that is a physical output of a water electrolysis process.;
OEO_00010417;nuclear electrical energy;Electrical energy is a form of energy derived from the potential or kinetic energy of charged particles.;
OEO_00010418;solar electrolytic hydrogen;Electrolytic hydrogen is hydrogen that is a physical output of a water electrolysis process.;
OEO_00010419;solar electrical energy;Electrical energy is a form of energy derived from the potential or kinetic energy of charged particles.;
OEO_00010420;fuel production;Production is the transformation process of combining various inputs in order to create an output that is a good.;
OEO_00010422;boolean value;"A generically dependent continuant that is about some thing.
        
Editor note:
        2014-03-10: The use of ""thing"" is intended to be general enough to include universals and configurations (see https://groups.google.com/d/msg/information-ontology/GBxvYZCk1oc/-L6B5fSBBTQJ).
        
Editor note:
        information_content_entity 'is_encoded_in' some digital_entity in obi before split (040907). information_content_entity 'is_encoded_in' some physical_document in obi before split (040907).

Previous. An information content entity is a non-realizable information entity that 'is encoded in' some digital or physical entity.";
OEO_00010423;power generation technology;An energy technology is a technology that describes how to combine energy transformation units, energy transformations, energy carriers and energy in a specific way.;
OEO_00010424;wind power technology;A power generation technology is an energy technology that describes how to combine power generating units and energy carriers in a power generation process to generate electrical energy.;
OEO_00010425;onshore wind power technology;A wind power technology is a power generation technology that describes how to combine wind energy converting units and a wind energy transformation.;
OEO_00010426;offshore wind power technology;A wind power technology is a power generation technology that describes how to combine wind energy converting units and a wind energy transformation.;
OEO_00010427;solar power technology;A power generation technology is an energy technology that describes how to combine power generating units and energy carriers in a power generation process to generate electrical energy.;
OEO_00010428;photovoltaic technology;A solar power technology is a power generation technology that describes how to combine solar power units in an electricity generation process with solar energy as input.;
OEO_00010429;solar thermal power technology;A solar power technology is a power generation technology that describes how to combine solar power units in an electricity generation process with solar energy as input.;
OEO_00010430;geothermal power technology;A power generation technology is an energy technology that describes how to combine power generating units and energy carriers in a power generation process to generate electrical energy.;
OEO_00010431;hydro power technology;A power generation technology is an energy technology that describes how to combine power generating units and energy carriers in a power generation process to generate electrical energy.;
OEO_00010432;run of river power technology;A hydro power technology is a power generation technology that describes how to combine hydro power units and a hydroelectric energy transformation.;
OEO_00010433;reservoir hydro storage power technology;A hydro power technology is a power generation technology that describes how to combine hydro power units and a hydroelectric energy transformation.;
OEO_00010434;marine hydro power technology;A hydro power technology is a power generation technology that describes how to combine hydro power units and a hydroelectric energy transformation.;
OEO_00010435;marine current energy technology;A marine hydro power technology is a hydro power technology that describes how to combine hydro power units, a hydroelectric energy transformation and oceans.;
OEO_00010436;marine tidal energy technology;A marine hydro power technology is a hydro power technology that describes how to combine hydro power units, a hydroelectric energy transformation and oceans.;
OEO_00010437;marine wave energy technology;A marine hydro power technology is a hydro power technology that describes how to combine hydro power units, a hydroelectric energy transformation and oceans.;
OEO_00010438;pumped hydro storage power technology;A hydro power technology is a power generation technology that describes how to combine hydro power units and a hydroelectric energy transformation.;
OEO_00010439;nuclear power technology;A power generation technology is an energy technology that describes how to combine power generating units and energy carriers in a power generation process to generate electrical energy.;
OEO_00010440;fuel power technology;A power generation technology is an energy technology that describes how to combine power generating units and energy carriers in a power generation process to generate electrical energy.;
OEO_00010441;coal power technology;A fuel-powered generation technology is a power technology that describes how to combine fuel-powered units in a fuel-powered electricity generation process.;
OEO_00010442;hard coal power technology;A coal power technology is a fuel-powered technology that describes how to combine coal power units and coal in a fuel-powered electricity generation process.;
OEO_00010443;lignite power technology;A coal power technology is a fuel-powered technology that describes how to combine coal power units and coal in a fuel-powered electricity generation process.;
OEO_00010444;sufficiency;"A directive information entity with action specifications and objective specifications as parts, and that may be concretized as a realizable entity that, if realized, is realized in a process in which the bearer tries to achieve the objectives by taking the actions specified.
        
Editor note:
        2009-03-16: provenance: a term a plan was proposed for OBI (OBI_0000344) , edited by the PlanAndPlannedProcess branch. Original definition was "" a plan is a specification of a process that is realized by an actor to achieve the objective specified as part of the plan"". It has been subsequently moved to IAO where the objective for which the original term was defined was satisfied with the definitionof this, different, term.
        
Editor note:
        2014-03-31: A plan specification can have other parts, such as conditional specifications.
        
Editor note:
        2022-01-16 Updated definition to that proposed by Clint Dowloand, IAO Issue 231.
        
Editor note:
        Alternative previous definition: a plan is a set of instructions that specify how an objective should be achieved";
OEO_00010445;blended liquid fuel;A liquid combustion fuel is a combustion fuel that has a liquid state of matter under normal conditions.;
OEO_00010446;bioethanol;Ethanol is a portion of matter with the chemical formula C2H6O. It has a liquid normal state of matter and can be used as a combustion fuel.;
OEO_00010447;E10;"A gasoline fuel is a combustion fuel that has a gasoline fuel role.
        
Editor note:
        The term gasoline was chosen as this term is more often used in energy modelling and energy statistics. This is a deliberate deviation from the convention of British English spelling in the OEO.";
OEO_00010448;B7;A diesel fuel is a combustion fuel that has a diesel fuel role.;
OEO_00010449;mobility technology;A technology is a plan specification that describes how to combine artificial objects or other material entities and processes in a specific way.;
OEO_00010450;electric mobility technology;A mobility technology is a technology that describes how vehicles participate in transport;
OEO_00010451;fuel blending quota;"A fuel blending quota is a quality of a blended fuel that indicates the share of liquid renewable fuel or liquid biofuel mixed into fossil fuel.






Back to the super classes:




        quality
      


          view
        




        

        

        
        No description found.";
OEO_00010452;fuel quota blending value;A fraction value is a relational quantity value that has a fraction as it's unit.;
OEO_00010453;temperature;"Temperature is a quality representing the driving force for the flow of heat energy and is a measure of the heat content of a material entity.






Back to the super classes:




        quality
      


          view
        




        

        

        
        No description found.";
OEO_00010454;pressure;"A pressure is a quality representing the force per unit area that its bearer exerts on itself or on a surface that bounds its bearer.






Back to the super classes:




        quality
      


          view
        




        

        

        
        No description found.";
OEO_00010455;carbon capture and storage technology;A technology is a plan specification that describes how to combine artificial objects or other material entities and processes in a specific way.;
OEO_00010456;economic instrument;A policy instrument is an action specification of an organisation (e.g. a government) that promotes transformative measures.;
OEO_00010457;voluntary agreement;A contract is a document that contains an agreement between two or more competent agents to which those agents agree to be legally bound.;
OEO_00010458;regulatory instrument;A policy instrument is an action specification of an organisation (e.g. a government) that promotes transformative measures.;
OEO_00010459;information instrument;A policy instrument is an action specification of an organisation (e.g. a government) that promotes transformative measures.;
OEO_00010460;education instrument;A policy instrument is an action specification of an organisation (e.g. a government) that promotes transformative measures.;
OEO_00010461;voluntary agreement instrument;A policy instrument is an action specification of an organisation (e.g. a government) that promotes transformative measures.;
OEO_00010464;subsector;A sector is generically dependent continuant that is a subdivision of a system.;
OEO_00010468;missing value reason;"An information content entity that is intended to be a truthful statement about something (modulo, e.g., measurement precision or other systematic errors) and is constructed/acquired by a method which reliably tends to produce (approximately) truthful statements.
        
Editor note:
        2/2/2009 Alan and Bjoern discussing FACS run output data. This is a data item because it is about the cell population. Each element records an event and is typically further composed a set of measurment data items that record the fluorescent intensity stimulated by one of the lasers.
        
Editor note:
        2009-03-16: data item deliberatly ambiguous: we merged data set and datum to be one entity, not knowing how to define singular versus plural. So data item is more general than datum.
        
Editor note:
        2009-03-16: removed datum as alternative term as datum specifically refers to singular form, and is thus not an exact synonym.
        
Editor note:
        2014-03-31: See discussion at http://odontomachus.wordpress.com/2014/03/30/aboutness-objects-propositions/
        
Editor note:
        JAR: datum     -- well, this will be very tricky to define, but maybe some 
information-like stuff that might be put into a computer and that is 
meant, by someone, to denote and/or to be interpreted by some 
process... I would include lists, tables, sentences... I think I might 
defer to Barry, or to Brian Cantwell Smith

JAR: A data item is an approximately justified approximately true approximate belief";
OEO_00010469;notation key;A missing value reason is a data item that is used to indicate that data is not available and to provide a specific reason explaining why a meaningful value is not available.;
OEO_00010470;forecasting model calculation;A model calculation is a process of solving mathematical equations of a model.;
OEO_00010471;non-energy use technology;A technology is a plan specification that describes how to combine artificial objects or other material entities and processes in a specific way.;
OEO_00010480;compressor;A pump is an energy converting component that converts energy into kinetic or potential energy of a fluid.;
OEO_00010481;compressor station;An energy transformation unit is an artificial object that transforms, changes or transfers a certain type of energy.;
OEO_00010482;gas turbine compressor station;A compressor station is an energy transformation unit that has a compressor to enable gas transport via a gas grid.;
OEO_00010483;electric compressor station;A compressor station is an energy transformation unit that has a compressor to enable gas transport via a gas grid.;
OEO_00010484;methanol;Hydrocarbon is a portion of matter which is member of class of organic chemical compounds composed only of the elements carbon (C) and hydrogen (H).;
OEO_00010485;manufacturing technology;A technology is a plan specification that describes how to combine artificial objects or other material entities and processes in a specific way.;
OEO_00010486;manufacturing plant;An artificial object is an object that was deliberately manufactured by humans to address a particular purpose.;
OEO_00010489;unit;b is a generically dependent continuant = Def. b is a continuant that g-depends_on one or more other entities. (axiom label in BFO2 Reference: [074-001]);
OEO_00010490;physical unit;"A unit of measurement is a generically dependent continuant that represents a standardised quantity value of a quantifiable entity
        
Editor note:
        The OEO developers have different views on the correct classification of a (physical) unit. On one hand, a (physical) unit is often referred to be ""a standardized quantity"", e.g. in the UO, and thus is interpreted as a quantity itself. On the other hand, a (physical) unit can be seen as a generically dependent reference measure that is not bound to a specific bearer. Together with the numerical value it can describe a quantity value. In the OEO, we have opted for the latter view and therefore implemented (physical) unit as generically dependent continuants.";
OEO_00010491;manufactured commodity;"A portion of matter is an aggregate of material entities that have a state of matter.
        
Editor note:
        Portions of matter describe mass nouns like e.g. water, air and fuel. Mass nouns are uncountable, but portions of these can be quantified, like 1 glass of water, 1 m³ of air or 1 barrel of fuel. For further explanation please refer to: https://github.com/OpenEnergyPlatform/ontology/wiki/Explanation-on-mass-nouns";
OEO_00010492;economic instrument function;"An economic instrument function is a function of a policy instrument that promotes, amongst others, economic measures.






Back to the super classes:




        function
      


          view
        




Editor note:
        BFO 2 Reference: In the past, we have distinguished two varieties of function, artifactual function and biological function. These are not asserted subtypes of BFO:function however, since the same function – for example: to pump, to transport – can exist both in artifacts and in biological entities. The asserted subtypes of function that would be needed in order to yield a separate monoheirarchy are not artifactual function, biological function, etc., but rather transporting function, pumping function, etc.";
OEO_00010493;education instrument function;"An education instrument function is a function of a policy instrument that promotes, amongst others, education measures.






Back to the super classes:




        function
      


          view
        




Editor note:
        BFO 2 Reference: In the past, we have distinguished two varieties of function, artifactual function and biological function. These are not asserted subtypes of BFO:function however, since the same function – for example: to pump, to transport – can exist both in artifacts and in biological entities. The asserted subtypes of function that would be needed in order to yield a separate monoheirarchy are not artifactual function, biological function, etc., but rather transporting function, pumping function, etc.";
OEO_00010494;information instrument function;"An information instrument function is a function of a policy instrument that promotes, amongst others, information measures.






Back to the super classes:




        function
      


          view
        




Editor note:
        BFO 2 Reference: In the past, we have distinguished two varieties of function, artifactual function and biological function. These are not asserted subtypes of BFO:function however, since the same function – for example: to pump, to transport – can exist both in artifacts and in biological entities. The asserted subtypes of function that would be needed in order to yield a separate monoheirarchy are not artifactual function, biological function, etc., but rather transporting function, pumping function, etc.";
OEO_00010495;regulatory instrument function;"An regulatory instrument function is a function of a policy instrument that promotes, amongst others, regulatory measures.






Back to the super classes:




        function
      


          view
        




Editor note:
        BFO 2 Reference: In the past, we have distinguished two varieties of function, artifactual function and biological function. These are not asserted subtypes of BFO:function however, since the same function – for example: to pump, to transport – can exist both in artifacts and in biological entities. The asserted subtypes of function that would be needed in order to yield a separate monoheirarchy are not artifactual function, biological function, etc., but rather transporting function, pumping function, etc.";
OEO_00010496;voluntary agreement instrument function;"An voluntary agreement instrument function is a function of a policy instrument that promotes, amongst others, voluntary agreement measures.






Back to the super classes:




        function
      


          view
        




Editor note:
        BFO 2 Reference: In the past, we have distinguished two varieties of function, artifactual function and biological function. These are not asserted subtypes of BFO:function however, since the same function – for example: to pump, to transport – can exist both in artifacts and in biological entities. The asserted subtypes of function that would be needed in order to yield a separate monoheirarchy are not artifactual function, biological function, etc., but rather transporting function, pumping function, etc.";
OEO_00010499;licensee;Agent is a role of a person or organisation that directs its activity towards achieving goals.;
OEO_00010500;licence provider;Agent is a role of a person or organisation that directs its activity towards achieving goals.;
OEO_00010501;product;"An entity that exists in full at any time in which it exists at all, persists through time while maintaining its identity and has no temporal parts.
        
Editor note:
        BFO 2 Reference: Continuant entities are entities which can be sliced to yield parts only along the spatial dimension, yielding for example the parts of your table which we call its legs, its top, its nails. ‘My desk stretches from the window to the door. It has spatial parts, and can be sliced (in space) in two. With respect to time, however, a thing is a continuant.’ [60, p. 240
        
Editor note:
        Continuant doesn't have a closure axiom because the subclasses don't necessarily exhaust all possibilites. For example, in an expansion involving bringing in some of Ceuster's other portions of reality, questions are raised as to whether universals are continuants";
OEO_00020001;ethanol;"A portion of matter is an aggregate of material entities that have a state of matter.
        
Editor note:
        Portions of matter describe mass nouns like e.g. water, air and fuel. Mass nouns are uncountable, but portions of these can be quantified, like 1 glass of water, 1 m³ of air or 1 barrel of fuel. For further explanation please refer to: https://github.com/OpenEnergyPlatform/ontology/wiki/Explanation-on-mass-nouns";
OEO_00020003;energy transformation;A transformation is a process that transforms one or more inputs into at least one output.;
OEO_00020004;gas grid;A supply grid is a supply system of systematically connected artificial objects that can work as a supply system.;
OEO_00020005;heating grid;A supply grid is a supply system of systematically connected artificial objects that can work as a supply system.;
OEO_00020006;grid component;An energy transformation unit is an artificial object that transforms, changes or transfers a certain type of energy.;
OEO_00020007;gas grid component;A grid component is an energy transformation unit that is a discrete part of a supply grid serving a specific purpose. A grid component is defined by having a grid component role.;
OEO_00020008;heating grid component;A grid component is an energy transformation unit that is a discrete part of a supply grid serving a specific purpose. A grid component is defined by having a grid component role.;
OEO_00020009;switchyard;A grid component is an energy transformation unit that is a discrete part of a supply grid serving a specific purpose. A grid component is defined by having a grid component role.;
OEO_00020011;study;A project is a process to achieve a specified goal that is unique in the sum of its conditions like its goal, time and cost budget and its organisation.;
OEO_00020012;study report;"A document assembled by an author for the purpose of providing information for the audience. A report is the output of a documenting process and has the objective to be consumed by a specific audience. Topic of the report is on something that has completed. A report is not a single figure. Examples of reports are journal article, patent application, grant progress report, case report (not patient record).
        
Editor note:
        2009-03-16: comment from Darren Natale: I am slightly uneasy with the sentence ""Topic of the report is on 
something that has completed.""  Should it be restricted to those things 
that are completed?  For example, a progress report is (usually) about 
something that definitely has *not* been completed, or may include 
(only) projections.  I think the definition would not suffer if the 
whole sentence is deleted.
        
Editor note:
        2009-03-16: this was report of results with definition: A report is a narrative object that is a formal statement of the results of an investigation, or of any matter on which definite information is required, made by some person or body instructed or required to do so.
        
Editor note:
        2009-03-16: work has been done on this term during during the OBI workshop winter 2009 and the current definition was considered acceptable for use in OBI. If there is a need to modify this definition please notify OBI.
        
Editor note:
        2009-08-10 Alan Ruttenberg: Larry Hunter suggests that this be obsoleted and replaced by 'document'. Alan restored as there are OBI dependencies and this merits further discussion
        
Editor note:
        disagreement about where reports go. alan: only some gene lists are reports. Is a report all the content of some document? The example of usage suggests that a report may be part of  some article. Term needs clarification";
OEO_00020013;output data;Endogenous data is a data item whose quantity value is determined by a model.;
OEO_00020015;licence;"A generically dependent continuant that is about some thing.
        
Editor note:
        2014-03-10: The use of ""thing"" is intended to be general enough to include universals and configurations (see https://groups.google.com/d/msg/information-ontology/GBxvYZCk1oc/-L6B5fSBBTQJ).
        
Editor note:
        information_content_entity 'is_encoded_in' some digital_entity in obi before split (040907). information_content_entity 'is_encoded_in' some physical_document in obi before split (040907).

Previous. An information content entity is a non-realizable information entity that 'is encoded in' some digital or physical entity.";
OEO_00020016;model descriptor;"A generically dependent continuant that is about some thing.
        
Editor note:
        2014-03-10: The use of ""thing"" is intended to be general enough to include universals and configurations (see https://groups.google.com/d/msg/information-ontology/GBxvYZCk1oc/-L6B5fSBBTQJ).
        
Editor note:
        information_content_entity 'is_encoded_in' some digital_entity in obi before split (040907). information_content_entity 'is_encoded_in' some physical_document in obi before split (040907).

Previous. An information content entity is a non-realizable information entity that 'is encoded in' some digital or physical entity.";
OEO_00020017;analytical approach;A model descriptor is an information content entity that contains information about some model.;
OEO_00020018;methodical focus;A model descriptor is an information content entity that contains information about some model.;
OEO_00020019;primary modelling purpose;A model descriptor is an information content entity that contains information about some model.;
OEO_00020022;model documentation;A model descriptor is an information content entity that contains information about some model.;
OEO_00020023;top down;A analytical approach is a model descriptor that contains information about the analysis strategy of a model.;
OEO_00020024;bottom up;A analytical approach is a model descriptor that contains information about the analysis strategy of a model.;
OEO_00020026;hybrid;A analytical approach is a model descriptor that contains information about the analysis strategy of a model.;
OEO_00020032;study region;A region of relevance is a spatial region that is used in a study or analysis, or is part of spatial planning.;
OEO_00020033;subregion;A region of relevance is a spatial region that is used in a study or analysis, or is part of spatial planning.;
OEO_00020034;study subregion;A subregion is a region of relevance that is in every respect a component of a region of relevance, but never encompasses the entire extent of a region of relevance.;
OEO_00020035;considered region;A region of relevance is a spatial region that is used in a study or analysis, or is part of spatial planning.;
OEO_00020036;interacting region;A region of relevance is a spatial region that is used in a study or analysis, or is part of spatial planning.;
OEO_00020037;radiation;Energy transfer is an energy transformation in form of a spatial transmission, that does not change the types of energies, apart from losses, e.g. waste heat.;
OEO_00020038;solar radiation;Radiation is an energy transfer by emitting or transmitting energy in the form of waves or particles through a spatial region or a material entity.;
OEO_00020039;energy carrier;"An independent continuant that is spatially extended whose identity is independent of that of other entities and can be maintained through time.
        
Editor note:
        BFO 2 Reference: Material entities (continuants) can preserve their identity even while gaining and losing material parts. Continuants are contrasted with occurrents, which unfold themselves in successive temporal parts or phases [60
        
Editor note:
        BFO 2 Reference: Object, Fiat Object Part and Object Aggregate are not intended to be exhaustive of Material Entity. Users are invited to propose new subcategories of Material Entity.
        
Editor note:
        BFO 2 Reference: ‘Matter’ is intended to encompass both mass and energy (we will address the ontological treatment of portions of energy in a later version of BFO). A portion of matter is anything that includes elementary particles among its proper or improper parts: quarks and leptons, including electrons, as the smallest particles thus far discovered; baryons (including protons and neutrons) at a higher level of granularity; atoms and molecules at still higher levels, forming the cells, organs, organisms and other material entities studied by biologists, the portions of rock studied by geologists, the fossils studied by paleontologists, and so on.Material entities are three-dimensional entities (entities extended in three spatial dimensions), as contrasted with the processes in which they participate, which are four-dimensional entities (entities extended also along the dimension of time).According to the FMA, material entities may have immaterial entities as parts – including the entities identified below as sites; for example the interior (or ‘lumen’) of your small intestine is a part of your body. BFO 2.0 embodies a decision to follow the FMA here.";
OEO_00020040;radiative energy;Energy is a quality of material entities which manifests as a capacity to perform work (such as causing motion or the interaction of molecules);
OEO_00020043;wind energy transformation;Energy transformation is a transformation in which one or more certain types of energy as input result in certain types of energy as output.;
OEO_00020045;potential energy;Energy is a quality of material entities which manifests as a capacity to perform work (such as causing motion or the interaction of molecules);
OEO_00020046;solar energy transformation;Energy transformation is a transformation in which one or more certain types of energy as input result in certain types of energy as output.;
OEO_00020047;solar thermal energy transformation;Solar energy transformation is an energy transformation that converts solar energy.;
OEO_00020048;photovoltaic energy transformation;Solar energy transformation is an energy transformation that converts solar energy.;
OEO_00020050;renewable energy carrier;An energy carrier is a material entity that has an energy carrier disposition.;
OEO_00020053;nuclear fission;"p is a process = Def. p is an occurrent that has temporal proper parts and for some time t, p s-depends_on some material entity at t. (axiom label in BFO2 Reference: [083-003])
        
Editor note:
        BFO 2 Reference: The realm of occurrents is less pervasively marked by the presence of natural units than is the case in the realm of independent continuants. Thus there is here no counterpart of ‘object’. In BFO 1.0 ‘process’ served as such a counterpart. In BFO 2.0 ‘process’ is, rather, the occurrent counterpart of ‘material entity’. Those natural – as contrasted with engineered, which here means: deliberately executed – units which do exist in the realm of occurrents are typically either parasitic on the existence of natural units on the continuant side, or they are fiat in nature. Thus we can count lives; we can count football games; we can count chemical reactions performed in experiments or in chemical manufacturing. We cannot count the processes taking place, for instance, in an episode of insect mating behavior.Even where natural units are identifiable, for example cycles in a cyclical process such as the beating of a heart or an organism’s sleep/wake cycle, the processes in question form a sequence with no discontinuities (temporal gaps) of the sort that we find for instance where billiard balls or zebrafish or planets are separated by clear spatial gaps. Lives of organisms are process units, but they too unfold in a continuous series from other, prior processes such as fertilization, and they unfold in turn in continuous series of post-life processes such as post-mortem decay. Clear examples of boundaries of processes are almost always of the fiat sort (midnight, a time of death as declared in an operating theater or on a death certificate, the initiation of a state of war)";
OEO_00020054;nuclear energy transformation;Energy transformation is a transformation in which one or more certain types of energy as input result in certain types of energy as output.;
OEO_00020058;rock;"A portion of matter is an aggregate of material entities that have a state of matter.
        
Editor note:
        Portions of matter describe mass nouns like e.g. water, air and fuel. Mass nouns are uncountable, but portions of these can be quantified, like 1 glass of water, 1 m³ of air or 1 barrel of fuel. For further explanation please refer to: https://github.com/OpenEnergyPlatform/ontology/wiki/Explanation-on-mass-nouns";
OEO_00020059;geothermal heat transfer;Heat transfer is an energy transfer of thermal energy.;
OEO_00020060;fuel market exchange;An energy market exchange is a market exchange in which energy commodities are traded.;
OEO_00020063;emission certificate;A licence is an information content entity that contains an official permission or permit to do, use or own something.;
OEO_00020064;EU allowance;An emission certificate is a licence that permits its holder/owner a specific emission value. An emission certificate can be traded at a CO2 market exchange.;
OEO_00020065;energy market exchange;A market exchange is an organisation that has the market exchange role.;
OEO_00020066;fuel commodity role;A commodity role is a good role that inheres in something that is used in commerce and is exchangeable with other commodities of the same type.;
OEO_00020067;commodity;A good is a continuant that has the good role.;
OEO_00020068;fuel commodity;A commodity is a good that bears the commodity role.;
OEO_00020069;market exchange;An organisation is an immaterial entity that has the organisation role and there exists some sort of legal framework that recognises the entity and its continued existence.;
OEO_00020072;analysis scope;"A generically dependent continuant that is about some thing.
        
Editor note:
        2014-03-10: The use of ""thing"" is intended to be general enough to include universals and configurations (see https://groups.google.com/d/msg/information-ontology/GBxvYZCk1oc/-L6B5fSBBTQJ).
        
Editor note:
        information_content_entity 'is_encoded_in' some digital_entity in obi before split (040907). information_content_entity 'is_encoded_in' some physical_document in obi before split (040907).

Previous. An information content entity is a non-realizable information entity that 'is encoded in' some digital or physical entity.";
OEO_00020073;grid-bound heating;Heat transfer is an energy transfer of thermal energy.;
OEO_00020074;industrial grid-bound heating;Grid-bound heating is a heat transfer over a distance via a heating grid, using steam or (hot) water.;
OEO_00020075;emission market exchange;A market exchange is an organisation that has the market exchange role.;
OEO_00020076;markup;A quantity value is an information content entity defined by a numeral together with a unit of measurement to quantify an entity.;
OEO_00020077;markdown;A quantity value is an information content entity defined by a numeral together with a unit of measurement to quantify an entity.;
OEO_00020085;renewable energy;Energy is a quality of material entities which manifests as a capacity to perform work (such as causing motion or the interaction of molecules);
OEO_00020086;renewable energy carrier disposition;An energy carrier disposition is a disposition of an material entity that contains energy for conversion as usable energy.;
OEO_00020087;natural hydro energy;Hydro energy is kinetic energy of moving liquid water which can result directly from its potential energy.;
OEO_00020088;pumped hydro energy;Hydro energy is kinetic energy of moving liquid water which can result directly from its potential energy.;
OEO_00020089;typical period;A time series is a data set that references to a set of time steps or zero-dimensional temporal regions.;
OEO_00020090;typical year;A typical period is a time series that represents a couple of real time periods that have certain characteristics in common, e.g. seasonal specifications, weekly routines, etc. It doesn't refer to a real date. Typical periods are used to reduce computing time of energy system models.;
OEO_00020091;typical day;A typical period is a time series that represents a couple of real time periods that have certain characteristics in common, e.g. seasonal specifications, weekly routines, etc. It doesn't refer to a real date. Typical periods are used to reduce computing time of energy system models.;
OEO_00020093;target description;"A directive information entity that describes an intended process endpoint. When part of a plan specification the concretization is realized in a planned process in which the bearer tries to effect the world so that the process endpoint is achieved.
        
Editor note:
        2009-03-16: original definition when imported from OBI read: ""objective is an non realizable information entity which can serve as that  proper part of a plan towards which the realization of the plan is directed.""
        
Editor note:
        2014-03-31: In the example of usage (""In the protocol of a ChIP assay the objective specification says to identify protein and DNA interaction"") there is a protocol which is the ChIP assay protocol. In addition to being concretized on paper, the protocol can be concretized as a realizable entity, such as a plan that inheres in a person. The objective specification is the part that says that some protein and DNA interactions are identified. This is a specification of a process endpoint: the boundary in the process before which they are not identified and after which they are. During the realization of the plan, the goal is to get to the point of having the interactions, and participants in the realization of the plan try to do that.
        
Editor note:
        Answers the question, why did you do this experiment?";
OEO_00020097;scenario year;A time step is a one-dimensional temporal region that has a start time and an ending time and thus a finite duration.;
OEO_00020098;scenario horizon;A time step is a one-dimensional temporal region that has a start time and an ending time and thus a finite duration.;
OEO_00020099;meteorological year;A time step is a one-dimensional temporal region that has a start time and an ending time and thus a finite duration.;
OEO_00020100;weather time series;A time series is a data set that references to a set of time steps or zero-dimensional temporal regions.;
OEO_00020101;scenario time series;A time series is a data set that references to a set of time steps or zero-dimensional temporal regions.;
OEO_00020102;energy transformation unit;An artificial object is an object that was deliberately manufactured by humans to address a particular purpose.;
OEO_00020103;energy transfer;Energy transformation is a transformation in which one or more certain types of energy as input result in certain types of energy as output.;
OEO_00020104;outage;"p is a process = Def. p is an occurrent that has temporal proper parts and for some time t, p s-depends_on some material entity at t. (axiom label in BFO2 Reference: [083-003])
        
Editor note:
        BFO 2 Reference: The realm of occurrents is less pervasively marked by the presence of natural units than is the case in the realm of independent continuants. Thus there is here no counterpart of ‘object’. In BFO 1.0 ‘process’ served as such a counterpart. In BFO 2.0 ‘process’ is, rather, the occurrent counterpart of ‘material entity’. Those natural – as contrasted with engineered, which here means: deliberately executed – units which do exist in the realm of occurrents are typically either parasitic on the existence of natural units on the continuant side, or they are fiat in nature. Thus we can count lives; we can count football games; we can count chemical reactions performed in experiments or in chemical manufacturing. We cannot count the processes taking place, for instance, in an episode of insect mating behavior.Even where natural units are identifiable, for example cycles in a cyclical process such as the beating of a heart or an organism’s sleep/wake cycle, the processes in question form a sequence with no discontinuities (temporal gaps) of the sort that we find for instance where billiard balls or zebrafish or planets are separated by clear spatial gaps. Lives of organisms are process units, but they too unfold in a continuous series from other, prior processes such as fertilization, and they unfold in turn in continuous series of post-life processes such as post-mortem decay. Clear examples of boundaries of processes are almost always of the fiat sort (midnight, a time of death as declared in an operating theater or on a death certificate, the initiation of a state of war)";
OEO_00020105;forced outage;An outage is a process during which an artificial object cannot perform or operate.;
OEO_00020106;planned outage;An outage is a process during which an artificial object cannot perform or operate.;
OEO_00020107;curtailment;"p is a process = Def. p is an occurrent that has temporal proper parts and for some time t, p s-depends_on some material entity at t. (axiom label in BFO2 Reference: [083-003])
        
Editor note:
        BFO 2 Reference: The realm of occurrents is less pervasively marked by the presence of natural units than is the case in the realm of independent continuants. Thus there is here no counterpart of ‘object’. In BFO 1.0 ‘process’ served as such a counterpart. In BFO 2.0 ‘process’ is, rather, the occurrent counterpart of ‘material entity’. Those natural – as contrasted with engineered, which here means: deliberately executed – units which do exist in the realm of occurrents are typically either parasitic on the existence of natural units on the continuant side, or they are fiat in nature. Thus we can count lives; we can count football games; we can count chemical reactions performed in experiments or in chemical manufacturing. We cannot count the processes taking place, for instance, in an episode of insect mating behavior.Even where natural units are identifiable, for example cycles in a cyclical process such as the beating of a heart or an organism’s sleep/wake cycle, the processes in question form a sequence with no discontinuities (temporal gaps) of the sort that we find for instance where billiard balls or zebrafish or planets are separated by clear spatial gaps. Lives of organisms are process units, but they too unfold in a continuous series from other, prior processes such as fertilization, and they unfold in turn in continuous series of post-life processes such as post-mortem decay. Clear examples of boundaries of processes are almost always of the fiat sort (midnight, a time of death as declared in an operating theater or on a death certificate, the initiation of a state of war)";
OEO_00020108;feed-in tariff;An economic instrument is a policy instrument that creates monetary (price) incentives to stimulate transformative measures.;
OEO_00020109;market premium;An economic instrument is a policy instrument that creates monetary (price) incentives to stimulate transformative measures.;
OEO_00020110;levy;An economic instrument is a policy instrument that creates monetary (price) incentives to stimulate transformative measures.;
OEO_00020111;capacity premium;A market premium is an economic instrument that ensures a guaranteed remuneration, e.g. a fixed feed-in tariff, by paying to the producing agent the difference between a guaranteed return on a good/product and the monetary price for which the good/product is traded on the market.;
OEO_00020112;tax;A levy is an economic instrument that consists of a compulsory financial charge imposed on an agent or institution by a governmental organisation.;
OEO_00020113;inflation rate;A fraction value is a relational quantity value that has a fraction as it's unit.;
OEO_00020114;exchange rate;A fraction value is a relational quantity value that has a fraction as it's unit.;
OEO_00020115;purchasing power parity;A fraction value is a relational quantity value that has a fraction as it's unit.;
OEO_00020116;system cost;Cost is a process attribute that describes the amount of money needed to buy, make, or do a thing.;
OEO_00020117;electricity price;A monetary value is a quantity value that states the amount of money specified in monetary units.;
OEO_00020121;resolution;"Temporal resolution is the resolution of a time series that indicates time-dependent the level of detail.
        








Back to the super classes:




        quality
      


          view
        




        

        

        
        No description found.";
OEO_00020122;temporal resolution;Resolution is a quality of a dataset that indicates the level of detail of the data.;
OEO_00020123;spatial resolution;Resolution is a quality of a dataset that indicates the level of detail of the data.;
OEO_00020124;due;A quantity value is an information content entity defined by a numeral together with a unit of measurement to quantify an entity.;
OEO_00020125;remuneration;A quantity value is an information content entity defined by a numeral together with a unit of measurement to quantify an entity.;
OEO_00020126;fee;A quantity value is an information content entity defined by a numeral together with a unit of measurement to quantify an entity.;
OEO_00020127;levelised cost of electricity;Cost is a process attribute that describes the amount of money needed to buy, make, or do a thing.;
OEO_00020128;market revenue;A quantity value is an information content entity defined by a numeral together with a unit of measurement to quantify an entity.;
OEO_00020136;space requirement;"A space requirement for construction is space requirement of an artificial object that covers the area needed in order to construct an artificial object.
        








Back to the super classes:




        two-dimensional spatial region
      


          view
        




        

        

        
        No description found.";
OEO_00020137;operational space requirement;A space requirement is a two-dimensional spatial region that covers the area needed by an object or object aggregate.;
OEO_00020139;space requirement for construction;A space requirement is a two-dimensional spatial region that covers the area needed by an object or object aggregate.;
OEO_00020140;area per power unit;"""A unit of measurement is a standardized quantity of a physical quality."" [Wikipedia:Wikipedia]";
OEO_00020141;specific space requirement;A quantity value is an information content entity defined by a numeral together with a unit of measurement to quantify an entity.;
OEO_00020142;square kilometer;"""A unit which is a standard measure of the amount of a 2-dimensional flat surface."" [UOC:GVG]";
OEO_00020143;area value;A quantity value is an information content entity defined by a numeral together with a unit of measurement to quantify an entity.;
OEO_00020144;rotor diameter;"Rotor diameter is a quality of a wind energy converting unit that measures the diameter of the wind rotor.






Back to the super classes:




        quality
      


          view
        




        

        

        
        No description found.";
OEO_00020145;variable cost;Cost is a process attribute that describes the amount of money needed to buy, make, or do a thing.;
OEO_00020146;variable production cost;A variable cost is a cost that depends on an amount of goods or services.;
OEO_00020147;conventional;Origin is a quality of a portion of matter or energy based on where it comes from. It is inherited from its primary sources.;
OEO_00020148;conventional energy carrier disposition;An energy carrier disposition is a disposition of an material entity that contains energy for conversion as usable energy.;
OEO_00020149;fossil energy;Chemical energy is energy that is stored in the chemical bonds of a substance, which can be released by a chemical reaction.;
OEO_00020154;emission certificate price;A CO2 emission certificate price is an emission price of an CO2 emission certificate that allows the emission of certain CO2 emission value.;
OEO_00020155;social cost of carbon emission;Social cost of emission is the cost the society bears for an emission value.;
OEO_00020156;carbon tax;A tax is a levy whose returns are used by the government to finance expenditures for the common welfare.;
OEO_00020166;methodology;"A directive information entity with action specifications and objective specifications as parts, and that may be concretized as a realizable entity that, if realized, is realized in a process in which the bearer tries to achieve the objectives by taking the actions specified.
        
Editor note:
        2009-03-16: provenance: a term a plan was proposed for OBI (OBI_0000344) , edited by the PlanAndPlannedProcess branch. Original definition was "" a plan is a specification of a process that is realized by an actor to achieve the objective specified as part of the plan"". It has been subsequently moved to IAO where the objective for which the original term was defined was satisfied with the definitionof this, different, term.
        
Editor note:
        2014-03-31: A plan specification can have other parts, such as conditional specifications.
        
Editor note:
        2022-01-16 Updated definition to that proposed by Clint Dowloand, IAO Issue 231.
        
Editor note:
        Alternative previous definition: a plan is a set of instructions that specify how an objective should be achieved";
OEO_00020167;investment cost;Cost is a process attribute that describes the amount of money needed to buy, make, or do a thing.;
OEO_00020168;fixed cost;Cost is a process attribute that describes the amount of money needed to buy, make, or do a thing.;
OEO_00020169;equipment cost;Investment costs are costs of a long-term commitment of financial resources in tangible or intangible assets.;
OEO_00020170;installation cost;Investment costs are costs of a long-term commitment of financial resources in tangible or intangible assets.;
OEO_00020171;grid connection cost;Investment costs are costs of a long-term commitment of financial resources in tangible or intangible assets.;
OEO_00020172;property cost;Investment costs are costs of a long-term commitment of financial resources in tangible or intangible assets.;
OEO_00020173;decommissioning cost;Investment costs are costs of a long-term commitment of financial resources in tangible or intangible assets.;
OEO_00020174;delivery cost;Cost is a process attribute that describes the amount of money needed to buy, make, or do a thing.;
OEO_00020175;life time;A time span is a quantity value indicating the duration of a one-dimensional temporal region, measured in a time unit.;
OEO_00020176;construction time;A time span is a quantity value indicating the duration of a one-dimensional temporal region, measured in a time unit.;
OEO_00020177;decommissioning time;A time span is a quantity value indicating the duration of a one-dimensional temporal region, measured in a time unit.;
OEO_00020178;operational life time;A life time is a time span of an artificial object that measures the time during which the artificial object exists.;
OEO_00020181;social cost of emission;Cost is a process attribute that describes the amount of money needed to buy, make, or do a thing.;
OEO_00020185;copyright licence;A licence is an information content entity that contains an official permission or permit to do, use or own something.;
OEO_00020186;data licence;A licence is an information content entity that contains an official permission or permit to do, use or own something.;
OEO_00020187;software licence;A copyright licence is a licence that states the ownership and contractually sets the rights and obligations to use, copy, and distribute a creative work.;
OEO_00020196;fissile material entity;"An independent continuant that is spatially extended whose identity is independent of that of other entities and can be maintained through time.
        
Editor note:
        BFO 2 Reference: Material entities (continuants) can preserve their identity even while gaining and losing material parts. Continuants are contrasted with occurrents, which unfold themselves in successive temporal parts or phases [60
        
Editor note:
        BFO 2 Reference: Object, Fiat Object Part and Object Aggregate are not intended to be exhaustive of Material Entity. Users are invited to propose new subcategories of Material Entity.
        
Editor note:
        BFO 2 Reference: ‘Matter’ is intended to encompass both mass and energy (we will address the ontological treatment of portions of energy in a later version of BFO). A portion of matter is anything that includes elementary particles among its proper or improper parts: quarks and leptons, including electrons, as the smallest particles thus far discovered; baryons (including protons and neutrons) at a higher level of granularity; atoms and molecules at still higher levels, forming the cells, organs, organisms and other material entities studied by biologists, the portions of rock studied by geologists, the fossils studied by paleontologists, and so on.Material entities are three-dimensional entities (entities extended in three spatial dimensions), as contrasted with the processes in which they participate, which are four-dimensional entities (entities extended also along the dimension of time).According to the FMA, material entities may have immaterial entities as parts – including the entities identified below as sites; for example the interior (or ‘lumen’) of your small intestine is a part of your body. BFO 2.0 embodies a decision to follow the FMA here.";
OEO_00020197;tangential proper part;"A surface is a tangential proper part of an object that extends in two dimensions.
        








Back to the super classes:




        fiat object part
      


          view
        




Editor note:
        BFO 2 Reference: Most examples of fiat object parts are associated with theoretically drawn divisions";
OEO_00020198;surface;A tangential proper part is a fiat object part of an entity which shares a boundary with that entity.;
OEO_00020199;solar radiation receiving surface;A surface is a tangential proper part of an object that extends in two dimensions.;
OEO_00020200;solar receiving object;An artificial object is an object that was deliberately manufactured by humans to address a particular purpose.;
OEO_00020201;import;"p is a process = Def. p is an occurrent that has temporal proper parts and for some time t, p s-depends_on some material entity at t. (axiom label in BFO2 Reference: [083-003])
        
Editor note:
        BFO 2 Reference: The realm of occurrents is less pervasively marked by the presence of natural units than is the case in the realm of independent continuants. Thus there is here no counterpart of ‘object’. In BFO 1.0 ‘process’ served as such a counterpart. In BFO 2.0 ‘process’ is, rather, the occurrent counterpart of ‘material entity’. Those natural – as contrasted with engineered, which here means: deliberately executed – units which do exist in the realm of occurrents are typically either parasitic on the existence of natural units on the continuant side, or they are fiat in nature. Thus we can count lives; we can count football games; we can count chemical reactions performed in experiments or in chemical manufacturing. We cannot count the processes taking place, for instance, in an episode of insect mating behavior.Even where natural units are identifiable, for example cycles in a cyclical process such as the beating of a heart or an organism’s sleep/wake cycle, the processes in question form a sequence with no discontinuities (temporal gaps) of the sort that we find for instance where billiard balls or zebrafish or planets are separated by clear spatial gaps. Lives of organisms are process units, but they too unfold in a continuous series from other, prior processes such as fertilization, and they unfold in turn in continuous series of post-life processes such as post-mortem decay. Clear examples of boundaries of processes are almost always of the fiat sort (midnight, a time of death as declared in an operating theater or on a death certificate, the initiation of a state of war)";
OEO_00020202;export;"p is a process = Def. p is an occurrent that has temporal proper parts and for some time t, p s-depends_on some material entity at t. (axiom label in BFO2 Reference: [083-003])
        
Editor note:
        BFO 2 Reference: The realm of occurrents is less pervasively marked by the presence of natural units than is the case in the realm of independent continuants. Thus there is here no counterpart of ‘object’. In BFO 1.0 ‘process’ served as such a counterpart. In BFO 2.0 ‘process’ is, rather, the occurrent counterpart of ‘material entity’. Those natural – as contrasted with engineered, which here means: deliberately executed – units which do exist in the realm of occurrents are typically either parasitic on the existence of natural units on the continuant side, or they are fiat in nature. Thus we can count lives; we can count football games; we can count chemical reactions performed in experiments or in chemical manufacturing. We cannot count the processes taking place, for instance, in an episode of insect mating behavior.Even where natural units are identifiable, for example cycles in a cyclical process such as the beating of a heart or an organism’s sleep/wake cycle, the processes in question form a sequence with no discontinuities (temporal gaps) of the sort that we find for instance where billiard balls or zebrafish or planets are separated by clear spatial gaps. Lives of organisms are process units, but they too unfold in a continuous series from other, prior processes such as fertilization, and they unfold in turn in continuous series of post-life processes such as post-mortem decay. Clear examples of boundaries of processes are almost always of the fiat sort (midnight, a time of death as declared in an operating theater or on a death certificate, the initiation of a state of war)";
OEO_00020204;electrical energy amount value;An energy value is a quantity value that has an energy unit as unit.;
OEO_00020205;electricity import value;An electrical energy amount value is an energy amount value that measures a quantity of electrical energy.;
OEO_00020206;electricity export value;An electrical energy amount value is an energy amount value that measures a quantity of electrical energy.;
OEO_00020207;electricity import;Import is the process of purchasing goods or services abroad and their delivery to the domestic market.;
OEO_00020208;electricity export;Export is the process of selling goods or services abroad and their delivery to a foreign market.;
OEO_00020210;sirup;"A portion of matter is an aggregate of material entities that have a state of matter.
        
Editor note:
        Portions of matter describe mass nouns like e.g. water, air and fuel. Mass nouns are uncountable, but portions of these can be quantified, like 1 glass of water, 1 m³ of air or 1 barrel of fuel. For further explanation please refer to: https://github.com/OpenEnergyPlatform/ontology/wiki/Explanation-on-mass-nouns";
OEO_00020227;scenario bundle;"A generically dependent continuant that is about some thing.
        
Editor note:
        2014-03-10: The use of ""thing"" is intended to be general enough to include universals and configurations (see https://groups.google.com/d/msg/information-ontology/GBxvYZCk1oc/-L6B5fSBBTQJ).
        
Editor note:
        information_content_entity 'is_encoded_in' some digital_entity in obi before split (040907). information_content_entity 'is_encoded_in' some physical_document in obi before split (040907).

Previous. An information content entity is a non-realizable information entity that 'is encoded in' some digital or physical entity.";
OEO_00020247;target driven scenario;A scenario is an information content entity that contains statements about a possible future development based on a coherent and internally consistent set of assumptions and their motivation.;
OEO_00020248;explorative scenario;A scenario is an information content entity that contains statements about a possible future development based on a coherent and internally consistent set of assumptions and their motivation.;
OEO_00020249;compressed-air energy storage unit;An energy storage unit is a grid component that stores energy.;
OEO_00020251;propulsion;Energy transformation is a transformation in which one or more certain types of energy as input result in certain types of energy as output.;
OEO_00020252;climate system;"A material entity consisting of multiple components that are causally integrated.
        
Editor note:
        May be replaced by a BFO class, as discussed in http://www.jbiomedsem.com/content/4/1/43";
OEO_00020254;electrical energy share;A process attribute is a dependent occurrent that existentially depends on a process.;
OEO_00020255;renewable energy share value;A fraction value is a relational quantity value that has a fraction as it's unit.;
OEO_00020256;electrical energy share value;A fraction value is a relational quantity value that has a fraction as it's unit.;
OEO_00020264;material transformation;A transformation is a process that transforms one or more inputs into at least one output.;
OEO_00020267;energy technology;A technology is a plan specification that describes how to combine artificial objects or other material entities and processes in a specific way.;
OEO_00020306;geothermal heat technology;A heat generation technology is an energy technology that describes how to combine heat generating units, heat generation processes, energy carriers and energy in a specific way.;
OEO_00020307;solar thermal heat technology;A heat generation technology is an energy technology that describes how to combine heat generating units, heat generation processes, energy carriers and energy in a specific way.;
OEO_00020308;heat generation technology;An energy technology is a technology that describes how to combine energy transformation units, energy transformations, energy carriers and energy in a specific way.;
OEO_00020309;policy scenario;An explorative scenario is a scenario that contains certain constraints / statements regarding measures that are taken in the near future / today to explore where these measures will lead to in a later future. The later future is not predefined in the scenario.;
OEO_00020310;without measures scenario;A policy scenario is a scenario in which certain policy instruments or transformative measures and their impacts are assessed.;
OEO_00020311;with existing measures scenario;A policy scenario is a scenario in which certain policy instruments or transformative measures and their impacts are assessed.;
OEO_00020312;with additional measures scenario;A policy scenario is a scenario in which certain policy instruments or transformative measures and their impacts are assessed.;
OEO_00020313;reference role;"A role of an information content entity, that indicates a benchmark, e.g. in a comparison.



Editor note:
Although contradicting to BFO2, we add the reference role to the generically dependent ""information content entity"", aware of the ongoing discussion.





Back to the super classes:




        role
      


          view
        




Editor note:
        BFO 2 Reference: One major family of examples of non-rigid universals involves roles, and ontologies developed for corresponding administrative purposes may consist entirely of representatives of entities of this sort. Thus ‘professor’, defined as follows,b instance_of professor at t =Def. there is some c, c instance_of professor role & c inheres_in b at t.denotes a non-rigid universal and so also do ‘nurse’, ‘student’, ‘colonel’, ‘taxpayer’, and so forth. (These terms are all, in the jargon of philosophy, phase sortals.) By using role terms in definitions, we can create a BFO conformant treatment of such entities drawing on the fact that, while an instance of professor may be simultaneously an instance of trade union member, no instance of the type professor role is also (at any time) an instance of the type trade union member role (any more than any instance of the type color is at any time an instance of the type length).If an ontology of employment positions should be defined in terms of roles following the above pattern, this enables the ontology to do justice to the fact that individuals instantiate the corresponding universals –  professor, sergeant, nurse – only during certain phases in their lives.";
OEO_00020314;reference scenario;A scenario is an information content entity that contains statements about a possible future development based on a coherent and internally consistent set of assumptions and their motivation.;
OEO_00020317;greenhouse gas emission scenario;An emission scenario is a scenario that describes a possible emission trajectory.;
OEO_00020321;CO2 emission scenario;An emission scenario is a scenario that describes a possible emission trajectory.;
OEO_00020345;sufficiency scenario;A scenario is an information content entity that contains statements about a possible future development based on a coherent and internally consistent set of assumptions and their motivation.;
OEO_00020347;power-to-fuel technology;An energy technology is a technology that describes how to combine energy transformation units, energy transformations, energy carriers and energy in a specific way.;
OEO_00020348;power-to-gas technology;A power-to-fuel technology is an energy technology that describes how to combine power-to-fuel systems in power-to-fuel processes.;
OEO_00020349;power-to-ammonia technology;A power-to-gas technology is a power-to-fuel technology that describes how to combine power-to-gas systems in power-to-gas processes.;
OEO_00020350;power-to-methane technology;A power-to-gas technology is a power-to-fuel technology that describes how to combine power-to-gas systems in power-to-gas processes.;
OEO_00020351;power-to-liquid technology;A power-to-fuel technology is an energy technology that describes how to combine power-to-fuel systems in power-to-fuel processes.;
OEO_00020352;model;"An entity that exists in full at any time in which it exists at all, persists through time while maintaining its identity and has no temporal parts.
        
Editor note:
        BFO 2 Reference: Continuant entities are entities which can be sliced to yield parts only along the spatial dimension, yielding for example the parts of your table which we call its legs, its top, its nails. ‘My desk stretches from the window to the door. It has spatial parts, and can be sliced (in space) in two. With respect to time, however, a thing is a continuant.’ [60, p. 240
        
Editor note:
        Continuant doesn't have a closure axiom because the subclasses don't necessarily exhaust all possibilites. For example, in an expansion involving bringing in some of Ceuster's other portions of reality, questions are raised as to whether universals are continuants";
OEO_00020353;model role;"A model role is a a role of a continuant for representing a system and its behaviours in a simplified or idealised way.






Back to the super classes:




        role
      


          view
        




Editor note:
        BFO 2 Reference: One major family of examples of non-rigid universals involves roles, and ontologies developed for corresponding administrative purposes may consist entirely of representatives of entities of this sort. Thus ‘professor’, defined as follows,b instance_of professor at t =Def. there is some c, c instance_of professor role & c inheres_in b at t.denotes a non-rigid universal and so also do ‘nurse’, ‘student’, ‘colonel’, ‘taxpayer’, and so forth. (These terms are all, in the jargon of philosophy, phase sortals.) By using role terms in definitions, we can create a BFO conformant treatment of such entities drawing on the fact that, while an instance of professor may be simultaneously an instance of trade union member, no instance of the type professor role is also (at any time) an instance of the type trade union member role (any more than any instance of the type color is at any time an instance of the type length).If an ontology of employment positions should be defined in terms of roles following the above pattern, this enables the ontology to do justice to the fact that individuals instantiate the corresponding universals –  professor, sergeant, nurse – only during certain phases in their lives.";
OEO_00020354;mathematical model;"A generically dependent continuant that is about some thing.
        
Editor note:
        2014-03-10: The use of ""thing"" is intended to be general enough to include universals and configurations (see https://groups.google.com/d/msg/information-ontology/GBxvYZCk1oc/-L6B5fSBBTQJ).
        
Editor note:
        information_content_entity 'is_encoded_in' some digital_entity in obi before split (040907). information_content_entity 'is_encoded_in' some physical_document in obi before split (040907).

Previous. An information content entity is a non-realizable information entity that 'is encoded in' some digital or physical entity.";
OEO_00020355;scale model;A model is a continuant to represent a system and its behaviours in a simplified or idealised way.;
OEO_00020362;electrical energy storage object;An energy storage object is an artificial object that has the function energy storage.;
OEO_00020363;chemical energy storage object;An energy storage object is an artificial object that has the function energy storage.;
OEO_00020364;kinetic energy storage object;An energy storage object is an artificial object that has the function energy storage.;
OEO_00020365;thermal energy storage object;An energy storage object is an artificial object that has the function energy storage.;
OEO_00020366;energy storage technology;An energy technology is a technology that describes how to combine energy transformation units, energy transformations, energy carriers and energy in a specific way.;
OEO_00020367;electrical energy storage technology;An energy storage technology is an energy technology that describes how to combine energy storage objects and energy carriers in charging and decharging processes for the purpose of temporarily storing energy.;
OEO_00020368;kinetic energy storage technology;An energy storage technology is an energy technology that describes how to combine energy storage objects and energy carriers in charging and decharging processes for the purpose of temporarily storing energy.;
OEO_00020369;thermal energy storage technology;An energy storage technology is an energy technology that describes how to combine energy storage objects and energy carriers in charging and decharging processes for the purpose of temporarily storing energy.;
OEO_00020370;chemical energy storage technology;An energy storage technology is an energy technology that describes how to combine energy storage objects and energy carriers in charging and decharging processes for the purpose of temporarily storing energy.;
OEO_00020371;potential energy storage object;An energy storage object is an artificial object that has the function energy storage.;
OEO_00020372;potential energy storage technology;An energy storage technology is an energy technology that describes how to combine energy storage objects and energy carriers in charging and decharging processes for the purpose of temporarily storing energy.;
OEO_00020373;study report due to legal obligation;A study report is a report that is the output from some study.;
OEO_00020406;model coupling;A model calculation is a process of solving mathematical equations of a model.;
OEO_00020407;sector coupling technology;A technology is a plan specification that describes how to combine artificial objects or other material entities and processes in a specific way.;
OEO_00020408;sector coupling;"p is a process = Def. p is an occurrent that has temporal proper parts and for some time t, p s-depends_on some material entity at t. (axiom label in BFO2 Reference: [083-003])
        
Editor note:
        BFO 2 Reference: The realm of occurrents is less pervasively marked by the presence of natural units than is the case in the realm of independent continuants. Thus there is here no counterpart of ‘object’. In BFO 1.0 ‘process’ served as such a counterpart. In BFO 2.0 ‘process’ is, rather, the occurrent counterpart of ‘material entity’. Those natural – as contrasted with engineered, which here means: deliberately executed – units which do exist in the realm of occurrents are typically either parasitic on the existence of natural units on the continuant side, or they are fiat in nature. Thus we can count lives; we can count football games; we can count chemical reactions performed in experiments or in chemical manufacturing. We cannot count the processes taking place, for instance, in an episode of insect mating behavior.Even where natural units are identifiable, for example cycles in a cyclical process such as the beating of a heart or an organism’s sleep/wake cycle, the processes in question form a sequence with no discontinuities (temporal gaps) of the sort that we find for instance where billiard balls or zebrafish or planets are separated by clear spatial gaps. Lives of organisms are process units, but they too unfold in a continuous series from other, prior processes such as fertilization, and they unfold in turn in continuous series of post-life processes such as post-mortem decay. Clear examples of boundaries of processes are almost always of the fiat sort (midnight, a time of death as declared in an operating theater or on a death certificate, the initiation of a state of war)";
OEO_00020410;system robustness;"System robustness is a disposition of a system that is designed or evolved in such a way as to be resistant to total failure despite partial damage or external changes.






Back to the super classes:




        disposition
      


          view
        




Editor note:
        BFO 2 Reference: Dispositions exist along a strength continuum. Weaker forms of disposition are realized in only a fraction of triggering cases. These forms occur in a significant number of cases of a similar type.";
OEO_00020411;robust system scenario;An explorative scenario is a scenario that contains certain constraints / statements regarding measures that are taken in the near future / today to explore where these measures will lead to in a later future. The later future is not predefined in the scenario.;
OEO_00020412;statistically robust scenario;A scenario is an information content entity that contains statements about a possible future development based on a coherent and internally consistent set of assumptions and their motivation.;
OEO_00020413;statistically robust;;
OEO_00020416;commissioning start;A start time is a zero-dimensional temporal region that indicates the beginning of a one-dimensional temporal region.;
OEO_00020417;decommissioning start;A start time is a zero-dimensional temporal region that indicates the beginning of a one-dimensional temporal region.;
OEO_00020420;decommissioning end;An ending time is a zero-dimensional temporal region that indicates the end of a one-dimensional temporal region.;
OEO_00020421;commissioning end;An ending time is a zero-dimensional temporal region that indicates the end of a one-dimensional temporal region.;
OEO_00020423;relational quantity value;A quantity value is an information content entity defined by a numeral together with a unit of measurement to quantify an entity.;
OEO_00020427;monetary price;"A monetary price is a quality of a product that indicates the value in terms of the amount of money requested, expected, required or given in exchange for something else.






Back to the super classes:




        quality
      


          view
        




        

        

        
        No description found.";
OEO_00030000;anthropogenic;Origin is a quality of a portion of matter or energy based on where it comes from. It is inherited from its primary sources.;
OEO_00030001;biogenic;Origin is a quality of a portion of matter or energy based on where it comes from. It is inherited from its primary sources.;
OEO_00030002;fossil;Geogenic is an origin of portions of matter or energies that are the result of geological processes.;
OEO_00030003;geogenic;Origin is a quality of a portion of matter or energy based on where it comes from. It is inherited from its primary sources.;
OEO_00030004;renewable;Origin is a quality of a portion of matter or energy based on where it comes from. It is inherited from its primary sources.;
OEO_00030005;synthetic;Anthropogenic is an origin of portions of matter or energies created by human activity.;
OEO_00030007;climate scenario;A scenario is an information content entity that contains statements about a possible future development based on a coherent and internally consistent set of assumptions and their motivation.;
OEO_00030008;economic scenario;A scenario is an information content entity that contains statements about a possible future development based on a coherent and internally consistent set of assumptions and their motivation.;
OEO_00030009;emission scenario;A scenario is an information content entity that contains statements about a possible future development based on a coherent and internally consistent set of assumptions and their motivation.;
OEO_00030010;energy scenario;A scenario is an information content entity that contains statements about a possible future development based on a coherent and internally consistent set of assumptions and their motivation.;
OEO_00030015;energy system model;"A numerical computer model is a mathematical model that is calculated by a computer.
        
Editor note:
        formerly called ""model""";
OEO_00030016;organisational energy producer;An organisation is an immaterial entity that has the organisation role and there exists some sort of legal framework that recognises the entity and its continued existence.;
OEO_00030017;energy autoproducer;"An organisational energy producer is an organisation that undertakes the generation of electricity and/or heat.""";
OEO_00030018;main activity energy producer;"An organisational energy producer is an organisation that undertakes the generation of electricity and/or heat.""";
OEO_00030019;process attribute;"Water flow rate is the process attribute of water flow that quantifies the water volume per time unit.
        








Back to the super classes:




        occurrent
      


          view
        




Editor note:
        BFO 2 Reference: every occurrent that is not a temporal or spatiotemporal region is s-dependent on some independent continuant that is not a spatial region
        
Editor note:
        BFO 2 Reference: s-dependence obtains between every process and its participants in the sense that, as a matter of necessity, this process could not have existed unless these or those participants existed also. A process may have a succession of participants at different phases of its unfolding. Thus there may be different players on the field at different times during the course of a football game; but the process which is the entire game s-depends_on all of these players nonetheless. Some temporal parts of this process will s-depend_on on only some of the players.
        
Editor note:
        Occurrent doesn't have a closure axiom because the subclasses don't necessarily exhaust all possibilites. An example would be the sum of a process and the process boundary of another process.
        
Editor note:
        Simons uses different terminology for relations of occurrents to regions: Denote the spatio-temporal location of a given occurrent e by 'spn[e]' and call this region its span. We may say an occurrent is at its span, in any larger region, and covers any smaller region. Now suppose we have fixed a frame of reference so that we can speak not merely of spatio-temporal but also of spatial regions (places) and temporal regions (times). The spread of an occurrent, (relative to a frame of reference) is the space it exactly occupies, and its spell is likewise the time it exactly occupies. We write 'spr[e]' and `spl[e]' respectively for the spread and spell of e, omitting mention of the frame.";
OEO_00030022;organisation;"A political party is an organisation of a group of people with common views or goals that wants to have influence in politics.
        








Back to the super classes:




        immaterial entity
      


          view
        




Editor note:
        BFO 2 Reference: Immaterial entities are divided into two subgroups:boundaries and sites, which bound, or are demarcated in relation, to material entities, and which can thus change location, shape and size and as their material hosts move or change shape or size (for example: your nasal passage; the hold of a ship; the boundary of Wales (which moves with the rotation of the Earth) [38, 7, 10";
OEO_00030024;energy system;A supply system is a system that connects producers and consumers.;
OEO_00030025;supply system;"A material entity consisting of multiple components that are causally integrated.
        
Editor note:
        May be replaced by a BFO class, as discussed in http://www.jbiomedsem.com/content/4/1/43";
OEO_00030026;primary energy production;Production is the transformation process of combining various inputs in order to create an output that is a good.;
OEO_00030027;primary energy carrier mining;Primary energy production is a production that prepares raw material for its use as primary energy carrier.;
OEO_00030028;primary energy carrier harvest;Primary energy production is a production that prepares raw material for its use as primary energy carrier.;
OEO_00030029;exogenous data;"An information content entity that is intended to be a truthful statement about something (modulo, e.g., measurement precision or other systematic errors) and is constructed/acquired by a method which reliably tends to produce (approximately) truthful statements.
        
Editor note:
        2/2/2009 Alan and Bjoern discussing FACS run output data. This is a data item because it is about the cell population. Each element records an event and is typically further composed a set of measurment data items that record the fluorescent intensity stimulated by one of the lasers.
        
Editor note:
        2009-03-16: data item deliberatly ambiguous: we merged data set and datum to be one entity, not knowing how to define singular versus plural. So data item is more general than datum.
        
Editor note:
        2009-03-16: removed datum as alternative term as datum specifically refers to singular form, and is thus not an exact synonym.
        
Editor note:
        2014-03-31: See discussion at http://odontomachus.wordpress.com/2014/03/30/aboutness-objects-propositions/
        
Editor note:
        JAR: datum     -- well, this will be very tricky to define, but maybe some 
information-like stuff that might be put into a computer and that is 
meant, by someone, to denote and/or to be interpreted by some 
process... I would include lists, tables, sentences... I think I might 
defer to Barry, or to Brian Cantwell Smith

JAR: A data item is an approximately justified approximately true approximate belief";
OEO_00030030;endogenous data;"An information content entity that is intended to be a truthful statement about something (modulo, e.g., measurement precision or other systematic errors) and is constructed/acquired by a method which reliably tends to produce (approximately) truthful statements.
        
Editor note:
        2/2/2009 Alan and Bjoern discussing FACS run output data. This is a data item because it is about the cell population. Each element records an event and is typically further composed a set of measurment data items that record the fluorescent intensity stimulated by one of the lasers.
        
Editor note:
        2009-03-16: data item deliberatly ambiguous: we merged data set and datum to be one entity, not knowing how to define singular versus plural. So data item is more general than datum.
        
Editor note:
        2009-03-16: removed datum as alternative term as datum specifically refers to singular form, and is thus not an exact synonym.
        
Editor note:
        2014-03-31: See discussion at http://odontomachus.wordpress.com/2014/03/30/aboutness-objects-propositions/
        
Editor note:
        JAR: datum     -- well, this will be very tricky to define, but maybe some 
information-like stuff that might be put into a computer and that is 
meant, by someone, to denote and/or to be interpreted by some 
process... I would include lists, tables, sentences... I think I might 
defer to Barry, or to Brian Cantwell Smith

JAR: A data item is an approximately justified approximately true approximate belief";
OEO_00030031;start time;"A decommissioning start is a start time that indicates the beginning of a decommissioning time.
        








Back to the super classes:




        zero-dimensional temporal region
      


          view
        




        

        

        
        No description found.";
OEO_00030032;ending time;"A decommissioning end is an end time that indicates the beginning of a decommissioning time.
        








Back to the super classes:




        zero-dimensional temporal region
      


          view
        




        

        

        
        No description found.";
OEO_00030033;time step;"A scenario year is a time step that has a duration of one year and is part of a scenario horizon.
        








Back to the super classes:




        one-dimensional temporal region
      


          view
        




Editor note:
        BFO 2 Reference: A temporal interval is a special kind of one-dimensional temporal region, namely one that is self-connected (is without gaps or breaks).";
OEO_00030034;time series;"A data item that is an aggregate of other data items of the same type that have something in common. Averages and distributions can be determined for data sets.
        
Editor note:
        2009/10/23 Alan Ruttenberg. The intention is that this term represent collections of like data. So this isn't for, e.g. the whole contents of a cel file, which includes parameters, metadata etc. This is more like java arrays of a certain rather specific type
        
Editor note:
        2014-05-05: Data sets are aggregates and thus must include two or more data items. We have chosen not to add logical axioms to make this restriction.";
OEO_00030035;time span;A quantity value is an information content entity defined by a numeral together with a unit of measurement to quantify an entity.;
OEO_00040002;market exchange role;"A role of an organisation, association, or group of persons, whether incorporated or unincorporated, which constitutes, maintains, or provides a facility for bringing together purchasers and sellers of financial instruments, commodities, or other products, services, or goods, and includes the market place and facilities maintained by the exchange






Back to the super classes:




        role
      


          view
        




Editor note:
        BFO 2 Reference: One major family of examples of non-rigid universals involves roles, and ontologies developed for corresponding administrative purposes may consist entirely of representatives of entities of this sort. Thus ‘professor’, defined as follows,b instance_of professor at t =Def. there is some c, c instance_of professor role & c inheres_in b at t.denotes a non-rigid universal and so also do ‘nurse’, ‘student’, ‘colonel’, ‘taxpayer’, and so forth. (These terms are all, in the jargon of philosophy, phase sortals.) By using role terms in definitions, we can create a BFO conformant treatment of such entities drawing on the fact that, while an instance of professor may be simultaneously an instance of trade union member, no instance of the type professor role is also (at any time) an instance of the type trade union member role (any more than any instance of the type color is at any time an instance of the type length).If an ontology of employment positions should be defined in terms of roles following the above pattern, this enables the ontology to do justice to the fact that individuals instantiate the corresponding universals –  professor, sergeant, nurse – only during certain phases in their lives.";
OEO_00040003;monetary value;A quantity value is an information content entity defined by a numeral together with a unit of measurement to quantify an entity.;
OEO_00040004;currency;"A unit of measurement is a generically dependent continuant that represents a standardised quantity value of a quantifiable entity
        
Editor note:
        The OEO developers have different views on the correct classification of a (physical) unit. On one hand, a (physical) unit is often referred to be ""a standardized quantity"", e.g. in the UO, and thus is interpreted as a quantity itself. On the other hand, a (physical) unit can be seen as a generically dependent reference measure that is not bound to a specific bearer. Together with the numerical value it can describe a quantity value. In the OEO, we have opted for the latter view and therefore implemented (physical) unit as generically dependent continuants.";
OEO_00040005;trader;A market participant is an agent who participates in trading in a market exchange.;
OEO_00040006;request;"p is a process = Def. p is an occurrent that has temporal proper parts and for some time t, p s-depends_on some material entity at t. (axiom label in BFO2 Reference: [083-003])
        
Editor note:
        BFO 2 Reference: The realm of occurrents is less pervasively marked by the presence of natural units than is the case in the realm of independent continuants. Thus there is here no counterpart of ‘object’. In BFO 1.0 ‘process’ served as such a counterpart. In BFO 2.0 ‘process’ is, rather, the occurrent counterpart of ‘material entity’. Those natural – as contrasted with engineered, which here means: deliberately executed – units which do exist in the realm of occurrents are typically either parasitic on the existence of natural units on the continuant side, or they are fiat in nature. Thus we can count lives; we can count football games; we can count chemical reactions performed in experiments or in chemical manufacturing. We cannot count the processes taking place, for instance, in an episode of insect mating behavior.Even where natural units are identifiable, for example cycles in a cyclical process such as the beating of a heart or an organism’s sleep/wake cycle, the processes in question form a sequence with no discontinuities (temporal gaps) of the sort that we find for instance where billiard balls or zebrafish or planets are separated by clear spatial gaps. Lives of organisms are process units, but they too unfold in a continuous series from other, prior processes such as fertilization, and they unfold in turn in continuous series of post-life processes such as post-mortem decay. Clear examples of boundaries of processes are almost always of the fiat sort (midnight, a time of death as declared in an operating theater or on a death certificate, the initiation of a state of war)";
OEO_00040007;price request;A request is a process whereby an agent asks another agent for something or to do something.;
OEO_00040008;marginal cost;A quantity value is an information content entity defined by a numeral together with a unit of measurement to quantify an entity.;
OEO_00040009;cost;A process attribute is a dependent occurrent that existentially depends on a process.;
OEO_00040011;commodity role;The role of an independent continuant or energy over which ownership rights can be established, whose ownership can be passed from one party to another by engaging in transactions, and that is not money.;
OEO_00050000;manufacturing process;"p is a process = Def. p is an occurrent that has temporal proper parts and for some time t, p s-depends_on some material entity at t. (axiom label in BFO2 Reference: [083-003])
        
Editor note:
        BFO 2 Reference: The realm of occurrents is less pervasively marked by the presence of natural units than is the case in the realm of independent continuants. Thus there is here no counterpart of ‘object’. In BFO 1.0 ‘process’ served as such a counterpart. In BFO 2.0 ‘process’ is, rather, the occurrent counterpart of ‘material entity’. Those natural – as contrasted with engineered, which here means: deliberately executed – units which do exist in the realm of occurrents are typically either parasitic on the existence of natural units on the continuant side, or they are fiat in nature. Thus we can count lives; we can count football games; we can count chemical reactions performed in experiments or in chemical manufacturing. We cannot count the processes taking place, for instance, in an episode of insect mating behavior.Even where natural units are identifiable, for example cycles in a cyclical process such as the beating of a heart or an organism’s sleep/wake cycle, the processes in question form a sequence with no discontinuities (temporal gaps) of the sort that we find for instance where billiard balls or zebrafish or planets are separated by clear spatial gaps. Lives of organisms are process units, but they too unfold in a continuous series from other, prior processes such as fertilization, and they unfold in turn in continuous series of post-life processes such as post-mortem decay. Clear examples of boundaries of processes are almost always of the fiat sort (midnight, a time of death as declared in an operating theater or on a death certificate, the initiation of a state of war)";
OEO_00050001;fuel-powered electricity generation process;An electricity generation process is an energy transformation that has electrical energy as physical output.;
OEO_00050002;kilojoule;"""A unit which is a standard measure of the work done by a certain force (gravitational, electric, magnetic, force of inertia, etc)."" [NIST:NIST]";
OEO_00050003;megajoule;"""A unit which is a standard measure of the work done by a certain force (gravitational, electric, magnetic, force of inertia, etc)."" [NIST:NIST]";
OEO_00050004;gigajoule;"""A unit which is a standard measure of the work done by a certain force (gravitational, electric, magnetic, force of inertia, etc)."" [NIST:NIST]";
OEO_00050005;terajoule;"""A unit which is a standard measure of the work done by a certain force (gravitational, electric, magnetic, force of inertia, etc)."" [NIST:NIST]";
OEO_00050006;petajoule;"""A unit which is a standard measure of the work done by a certain force (gravitational, electric, magnetic, force of inertia, etc)."" [NIST:NIST]";
OEO_00050007;exajoule;"""A unit which is a standard measure of the work done by a certain force (gravitational, electric, magnetic, force of inertia, etc)."" [NIST:NIST]";
OEO_00050008;megawatt-hour;"A megawatt-hour is a watt-hour based unit which is equal to 10^6 watt-hours.






Back to the super classes:




        watt-hour based unit
      


          view
        




        

        

        
        No description found.";
OEO_00050009;terawatt-hour;"A terawatt-hour is a watt-hour based unit which is equal to 10^12 watt-hours.






Back to the super classes:




        watt-hour based unit
      


          view
        




        

        

        
        No description found.";
OEO_00050010;petawatt-hour;"A petawatt-hour is a watt-hour based unit which is equal to 10^15 watt-hours.






Back to the super classes:




        watt-hour based unit
      


          view
        




        

        

        
        No description found.";
OEO_00050011;gigawatt-hour;"A gigawatt-hour is a watt-hour based unit which is equal to 10^9 watt-hours.






Back to the super classes:




        watt-hour based unit
      


          view
        




        

        

        
        No description found.";
OEO_00050016;final energy consumption value;An energy consumption value is an energy amount value that measures the energy consumption over a time span.;
OEO_00050017;gross inland energy consumption value;An energy consumption value is an energy amount value that measures the energy consumption over a time span.;
OEO_00050018;primary energy consumption value;An energy consumption value is an energy amount value that measures the energy consumption over a time span.;
OEO_00050019;energy value;A quantity value is an information content entity defined by a numeral together with a unit of measurement to quantify an entity.;
OEO_00050020;steam-electric process;Energy transformation is a transformation in which one or more certain types of energy as input result in certain types of energy as output.;
OEO_00090000;volumetric flow rate value;A quantity value is an information content entity defined by a numeral together with a unit of measurement to quantify an entity.;
OEO_00090001;funder;A sponsor is an agent that supports a person, organisation, or project by giving money, allowance of kind, services or other help.;
OEO_00090002;public funder;A funder is a sponsor that supports by giving money.;
OEO_00090003;private funder;A funder is a sponsor that supports by giving money.;
OEO_00110000;liquid water;"Water is a portion of matter with the chemical formula H2O. It has a liquid normal state of matter.
        
Editor note:
        We are aware that water is defined as pure H2O in the OEO and that naturally occurring water usually also contains impurities of other portions of matter (e.g. minerals). We purposely neglect this inconsistency for usability reasons.";
OEO_00110001;steam;"Water is a portion of matter with the chemical formula H2O. It has a liquid normal state of matter.
        
Editor note:
        We are aware that water is defined as pure H2O in the OEO and that naturally occurring water usually also contains impurities of other portions of matter (e.g. minerals). We purposely neglect this inconsistency for usability reasons.";
OEO_00110002;water flow;"p is a process = Def. p is an occurrent that has temporal proper parts and for some time t, p s-depends_on some material entity at t. (axiom label in BFO2 Reference: [083-003])
        
Editor note:
        BFO 2 Reference: The realm of occurrents is less pervasively marked by the presence of natural units than is the case in the realm of independent continuants. Thus there is here no counterpart of ‘object’. In BFO 1.0 ‘process’ served as such a counterpart. In BFO 2.0 ‘process’ is, rather, the occurrent counterpart of ‘material entity’. Those natural – as contrasted with engineered, which here means: deliberately executed – units which do exist in the realm of occurrents are typically either parasitic on the existence of natural units on the continuant side, or they are fiat in nature. Thus we can count lives; we can count football games; we can count chemical reactions performed in experiments or in chemical manufacturing. We cannot count the processes taking place, for instance, in an episode of insect mating behavior.Even where natural units are identifiable, for example cycles in a cyclical process such as the beating of a heart or an organism’s sleep/wake cycle, the processes in question form a sequence with no discontinuities (temporal gaps) of the sort that we find for instance where billiard balls or zebrafish or planets are separated by clear spatial gaps. Lives of organisms are process units, but they too unfold in a continuous series from other, prior processes such as fertilization, and they unfold in turn in continuous series of post-life processes such as post-mortem decay. Clear examples of boundaries of processes are almost always of the fiat sort (midnight, a time of death as declared in an operating theater or on a death certificate, the initiation of a state of war)";
OEO_00110003;water flow rate;A process attribute is a dependent occurrent that existentially depends on a process.;
OEO_00110004;hydro energy transformation;Energy transformation is a transformation in which one or more certain types of energy as input result in certain types of energy as output.;
OEO_00110005;hydroelectric energy transformation;Hydro energy transformation is an energy transformation that converts hydro energy.;
OEO_00140000;hub height;"Hub height is a quality of a wind energy converting unit that measures the distance between surface and centre-line of the wind rotor.






Back to the super classes:




        quality
      


          view
        




        

        

        
        No description found.";
OEO_00140001;length value;A quantity value is an information content entity defined by a numeral together with a unit of measurement to quantify an entity.;
OEO_00140003;transport;"p is a process = Def. p is an occurrent that has temporal proper parts and for some time t, p s-depends_on some material entity at t. (axiom label in BFO2 Reference: [083-003])
        
Editor note:
        BFO 2 Reference: The realm of occurrents is less pervasively marked by the presence of natural units than is the case in the realm of independent continuants. Thus there is here no counterpart of ‘object’. In BFO 1.0 ‘process’ served as such a counterpart. In BFO 2.0 ‘process’ is, rather, the occurrent counterpart of ‘material entity’. Those natural – as contrasted with engineered, which here means: deliberately executed – units which do exist in the realm of occurrents are typically either parasitic on the existence of natural units on the continuant side, or they are fiat in nature. Thus we can count lives; we can count football games; we can count chemical reactions performed in experiments or in chemical manufacturing. We cannot count the processes taking place, for instance, in an episode of insect mating behavior.Even where natural units are identifiable, for example cycles in a cyclical process such as the beating of a heart or an organism’s sleep/wake cycle, the processes in question form a sequence with no discontinuities (temporal gaps) of the sort that we find for instance where billiard balls or zebrafish or planets are separated by clear spatial gaps. Lives of organisms are process units, but they too unfold in a continuous series from other, prior processes such as fertilization, and they unfold in turn in continuous series of post-life processes such as post-mortem decay. Clear examples of boundaries of processes are almost always of the fiat sort (midnight, a time of death as declared in an operating theater or on a death certificate, the initiation of a state of war)";
OEO_00140004;international transport;Transport is the process of moving people or goods from one place to another.;
OEO_00140005;freight transport;Transport is the process of moving people or goods from one place to another.;
OEO_00140006;private transport;A passenger transport is a transport process in which people are moved in a vehicle from one place to another.;
OEO_00140007;public transport;A passenger transport is a transport process in which people are moved in a vehicle from one place to another.;
OEO_00140009;sponsor;Agent is a role of a person or organisation that directs its activity towards achieving goals.;
OEO_00140012;obsolete economic value;A quantity value is an information content entity defined by a numeral together with a unit of measurement to quantify an entity.;
OEO_00140013;gross domestic product;A quantity value is an information content entity defined by a numeral together with a unit of measurement to quantify an entity.;
OEO_00140023;gross value added;A quantity value is an information content entity defined by a numeral together with a unit of measurement to quantify an entity.;
OEO_00140024;validation;"p is a process = Def. p is an occurrent that has temporal proper parts and for some time t, p s-depends_on some material entity at t. (axiom label in BFO2 Reference: [083-003])
        
Editor note:
        BFO 2 Reference: The realm of occurrents is less pervasively marked by the presence of natural units than is the case in the realm of independent continuants. Thus there is here no counterpart of ‘object’. In BFO 1.0 ‘process’ served as such a counterpart. In BFO 2.0 ‘process’ is, rather, the occurrent counterpart of ‘material entity’. Those natural – as contrasted with engineered, which here means: deliberately executed – units which do exist in the realm of occurrents are typically either parasitic on the existence of natural units on the continuant side, or they are fiat in nature. Thus we can count lives; we can count football games; we can count chemical reactions performed in experiments or in chemical manufacturing. We cannot count the processes taking place, for instance, in an episode of insect mating behavior.Even where natural units are identifiable, for example cycles in a cyclical process such as the beating of a heart or an organism’s sleep/wake cycle, the processes in question form a sequence with no discontinuities (temporal gaps) of the sort that we find for instance where billiard balls or zebrafish or planets are separated by clear spatial gaps. Lives of organisms are process units, but they too unfold in a continuous series from other, prior processes such as fertilization, and they unfold in turn in continuous series of post-life processes such as post-mortem decay. Clear examples of boundaries of processes are almost always of the fiat sort (midnight, a time of death as declared in an operating theater or on a death certificate, the initiation of a state of war)";
OEO_00140025;cross-checking against other models;Validation is the process of checking if something works correctly.;
OEO_00140026;checking against measurements;Validation is the process of checking if something works correctly.;
OEO_00140027;checking against empirical data;Validation is the process of checking if something works correctly.;
OEO_00140033;chemical reaction;A transformation is a process that transforms one or more inputs into at least one output.;
OEO_00140034;redox reaction;A chemical reaction is a transformation that involves the interconversion of chemical species.;
OEO_00140035;oxidation;A chemical reaction is a transformation that involves the interconversion of chemical species.;
OEO_00140036;reduction;A chemical reaction is a transformation that involves the interconversion of chemical species.;
OEO_00140037;electrochemical reaction;A chemical reaction is a transformation that involves the interconversion of chemical species.;
OEO_00140038;combustion;A redox reaction is a chemical reaction in which the oxidation of one reactant is coupled to the reduction of a second reactant.;
OEO_00140039;consumption;"p is a process = Def. p is an occurrent that has temporal proper parts and for some time t, p s-depends_on some material entity at t. (axiom label in BFO2 Reference: [083-003])
        
Editor note:
        BFO 2 Reference: The realm of occurrents is less pervasively marked by the presence of natural units than is the case in the realm of independent continuants. Thus there is here no counterpart of ‘object’. In BFO 1.0 ‘process’ served as such a counterpart. In BFO 2.0 ‘process’ is, rather, the occurrent counterpart of ‘material entity’. Those natural – as contrasted with engineered, which here means: deliberately executed – units which do exist in the realm of occurrents are typically either parasitic on the existence of natural units on the continuant side, or they are fiat in nature. Thus we can count lives; we can count football games; we can count chemical reactions performed in experiments or in chemical manufacturing. We cannot count the processes taking place, for instance, in an episode of insect mating behavior.Even where natural units are identifiable, for example cycles in a cyclical process such as the beating of a heart or an organism’s sleep/wake cycle, the processes in question form a sequence with no discontinuities (temporal gaps) of the sort that we find for instance where billiard balls or zebrafish or planets are separated by clear spatial gaps. Lives of organisms are process units, but they too unfold in a continuous series from other, prior processes such as fertilization, and they unfold in turn in continuous series of post-life processes such as post-mortem decay. Clear examples of boundaries of processes are almost always of the fiat sort (midnight, a time of death as declared in an operating theater or on a death certificate, the initiation of a state of war)";
OEO_00140040;demand;"An energy service demand is a demand of an agent to use energy as a means to obtain or facilitate desired end services or states.
        

Editor note:
          An example is the transport demand for goods or persons (e.g. in person/tonne-kilometres). An other example is the demand for room heating or cooling.
        









Back to the super classes:




        realizable entity
      


          view
        




        

        

        
        No description found.";
OEO_00140043;time stamp;A data descriptor is an information content entity that contains additional information about some data.;
OEO_00140044;time stamp alignment;A data descriptor is an information content entity that contains additional information about some data.;
OEO_00140049;energy conversion efficiency;A process attribute is a dependent occurrent that existentially depends on a process.;
OEO_00140050;efficiency value;A quantity value is an information content entity defined by a numeral together with a unit of measurement to quantify an entity.;
OEO_00140051;coefficient of performance value;A quantity value is an information content entity defined by a numeral together with a unit of measurement to quantify an entity.;
OEO_00140052;energy conversion performance;A process attribute is a dependent occurrent that existentially depends on a process.;
OEO_00140056;flow potential;A potential is a maximum value that describes some upper limit in a spatial region of reference.;
OEO_00140057;theoretical flow potential;A flow potential is a potential of an input or output of a process, per time unit.;
OEO_00140058;technological flow potential;A flow potential is a potential of an input or output of a process, per time unit.;
OEO_00140059;economic flow potential;A flow potential is a potential of an input or output of a process, per time unit.;
OEO_00140060;developable flow potential;A flow potential is a potential of an input or output of a process, per time unit.;
OEO_00140061;sustainable flow potential;A flow potential is a potential of an input or output of a process, per time unit.;
OEO_00140062;stock potential;A potential is a maximum value that describes some upper limit in a spatial region of reference.;
OEO_00140063;theoretical stock potential;A stock potential is a potential of the stock of a source or sink.;
OEO_00140064;technological stock potential;A stock potential is a potential of the stock of a source or sink.;
OEO_00140065;economic stock potential;A stock potential is a potential of the stock of a source or sink.;
OEO_00140066;developable stock potential;A stock potential is a potential of the stock of a source or sink.;
OEO_00140067;sustainable stock potential;A stock potential is a potential of the stock of a source or sink.;
OEO_00140068;aggregation type;A data descriptor is an information content entity that contains additional information about some data.;
OEO_00140075;primary energy carrier disposition;An energy carrier disposition is a disposition of an material entity that contains energy for conversion as usable energy.;
OEO_00140076;secondary energy carrier disposition;An energy carrier disposition is a disposition of an material entity that contains energy for conversion as usable energy.;
OEO_00140077;final energy carrier disposition;An energy carrier disposition is a disposition of an material entity that contains energy for conversion as usable energy.;
OEO_00140078;primary energy carrier;An energy carrier is a material entity that has an energy carrier disposition.;
OEO_00140079;secondary energy carrier;An energy carrier is a material entity that has an energy carrier disposition.;
OEO_00140080;final energy carrier;An energy carrier is a material entity that has an energy carrier disposition.;
OEO_00140081;emission rate;A process attribute is a dependent occurrent that existentially depends on a process.;
OEO_00140082;greenhouse gas emission rate;An emission rate is a process attribute that describes the output of an emission process.;
OEO_00140083;carbon dioxide equivalent quantity value;An emission value is a quantity value that quantifies an emission rate and has a mass unit.;
OEO_00140091;plutonium;"A portion of matter is an aggregate of material entities that have a state of matter.
        
Editor note:
        Portions of matter describe mass nouns like e.g. water, air and fuel. Mass nouns are uncountable, but portions of these can be quantified, like 1 glass of water, 1 m³ of air or 1 barrel of fuel. For further explanation please refer to: https://github.com/OpenEnergyPlatform/ontology/wiki/Explanation-on-mass-nouns";
OEO_00140092;thorium;"A portion of matter is an aggregate of material entities that have a state of matter.
        
Editor note:
        Portions of matter describe mass nouns like e.g. water, air and fuel. Mass nouns are uncountable, but portions of these can be quantified, like 1 glass of water, 1 m³ of air or 1 barrel of fuel. For further explanation please refer to: https://github.com/OpenEnergyPlatform/ontology/wiki/Explanation-on-mass-nouns";
OEO_00140098;quality control flag;A data descriptor is an information content entity that contains additional information about some data.;
OEO_00140099;goal description;"A generically dependent continuant that is about some thing.
        
Editor note:
        2014-03-10: The use of ""thing"" is intended to be general enough to include universals and configurations (see https://groups.google.com/d/msg/information-ontology/GBxvYZCk1oc/-L6B5fSBBTQJ).
        
Editor note:
        information_content_entity 'is_encoded_in' some digital_entity in obi before split (040907). information_content_entity 'is_encoded_in' some physical_document in obi before split (040907).

Previous. An information content entity is a non-realizable information entity that 'is encoded in' some digital or physical entity.";
OEO_00140101;heat transfer;Energy transfer is an energy transformation in form of a spatial transmission, that does not change the types of energies, apart from losses, e.g. waste heat.;
OEO_00140102;heat exchanger;An energy converting component is an artificial object that is usually a discrete part of an energy transformation unit with the function of transforming, transferring or changing a certain type of energy.;
OEO_00140104;natural ambient thermal energy;Ambient thermal energy is thermal energy that is stored in the ambient air, beneath the surface of solid earth or in surface water. It is captured by heat pumps.;
OEO_00140105;artificial ambient thermal energy;Ambient thermal energy is thermal energy that is stored in the ambient air, beneath the surface of solid earth or in surface water. It is captured by heat pumps.;
OEO_00140106;ambient thermal energy transfer;Heat transfer is an energy transfer of thermal energy.;
OEO_00140109;contract;A collection of information content entities intended to be understood together as a whole;
OEO_00140116;fluid;"An independent continuant that is spatially extended whose identity is independent of that of other entities and can be maintained through time.
        
Editor note:
        BFO 2 Reference: Material entities (continuants) can preserve their identity even while gaining and losing material parts. Continuants are contrasted with occurrents, which unfold themselves in successive temporal parts or phases [60
        
Editor note:
        BFO 2 Reference: Object, Fiat Object Part and Object Aggregate are not intended to be exhaustive of Material Entity. Users are invited to propose new subcategories of Material Entity.
        
Editor note:
        BFO 2 Reference: ‘Matter’ is intended to encompass both mass and energy (we will address the ontological treatment of portions of energy in a later version of BFO). A portion of matter is anything that includes elementary particles among its proper or improper parts: quarks and leptons, including electrons, as the smallest particles thus far discovered; baryons (including protons and neutrons) at a higher level of granularity; atoms and molecules at still higher levels, forming the cells, organs, organisms and other material entities studied by biologists, the portions of rock studied by geologists, the fossils studied by paleontologists, and so on.Material entities are three-dimensional entities (entities extended in three spatial dimensions), as contrasted with the processes in which they participate, which are four-dimensional entities (entities extended also along the dimension of time).According to the FMA, material entities may have immaterial entities as parts – including the entities identified below as sites; for example the interior (or ‘lumen’) of your small intestine is a part of your body. BFO 2.0 embodies a decision to follow the FMA here.";
OEO_00140117;delivery time;"Delivery time is a one-dimensional temporal region expressing the amount of time that it takes for goods that have been bought to arrive at the place where they are wanted.






Back to the super classes:




        one-dimensional temporal region
      


          view
        




Editor note:
        BFO 2 Reference: A temporal interval is a special kind of one-dimensional temporal region, namely one that is self-connected (is without gaps or breaks).";
OEO_00140118;delivery time point;"A delivery time point is a zero-dimensional temporal region expressing the point in time when goods that have been bought arrive at the place where they are wanted.






Back to the super classes:




        zero-dimensional temporal region
      


          view
        




        

        

        
        No description found.";
OEO_00140119;sender;Agent is a role of a person or organisation that directs its activity towards achieving goals.;
OEO_00140120;receiver;Agent is a role of a person or organisation that directs its activity towards achieving goals.;
OEO_00140121;bid;A collection of information content entities intended to be understood together as a whole;
OEO_00140122;award;A collection of information content entities intended to be understood together as a whole;
OEO_00140123;provider;Agent is a role of a person or organisation that directs its activity towards achieving goals.;
OEO_00140124;service;"p is a process = Def. p is an occurrent that has temporal proper parts and for some time t, p s-depends_on some material entity at t. (axiom label in BFO2 Reference: [083-003])
        
Editor note:
        BFO 2 Reference: The realm of occurrents is less pervasively marked by the presence of natural units than is the case in the realm of independent continuants. Thus there is here no counterpart of ‘object’. In BFO 1.0 ‘process’ served as such a counterpart. In BFO 2.0 ‘process’ is, rather, the occurrent counterpart of ‘material entity’. Those natural – as contrasted with engineered, which here means: deliberately executed – units which do exist in the realm of occurrents are typically either parasitic on the existence of natural units on the continuant side, or they are fiat in nature. Thus we can count lives; we can count football games; we can count chemical reactions performed in experiments or in chemical manufacturing. We cannot count the processes taking place, for instance, in an episode of insect mating behavior.Even where natural units are identifiable, for example cycles in a cyclical process such as the beating of a heart or an organism’s sleep/wake cycle, the processes in question form a sequence with no discontinuities (temporal gaps) of the sort that we find for instance where billiard balls or zebrafish or planets are separated by clear spatial gaps. Lives of organisms are process units, but they too unfold in a continuous series from other, prior processes such as fertilization, and they unfold in turn in continuous series of post-life processes such as post-mortem decay. Clear examples of boundaries of processes are almost always of the fiat sort (midnight, a time of death as declared in an operating theater or on a death certificate, the initiation of a state of war)";
OEO_00140125;delivery interval;A time span is a quantity value indicating the duration of a one-dimensional temporal region, measured in a time unit.;
OEO_00140126;planned availability;"Planned availability is a quality that describes the amount of time a power plant is planned to be operational per year.






Back to the super classes:




        quality
      


          view
        




        

        

        
        No description found.";
OEO_00140127;fraction value;A relational quantity value is a quantity value that quantifies two or more quantities in relation to each other.;
OEO_00140128;block size;Declared net capacity is a power capacity stating the maximum power a power generating unit or a power plant can deliver to the electrical grid. It equals the sum of the rated powers of all plant generators minus all power used internally within the plant.;
OEO_00140129;unplanned availability;"Unplanned availability is a quality that describes the amount of time a power plant is planned to be operational per year, but is not operation.






Back to the super classes:




        quality
      


          view
        




        

        

        
        No description found.";
OEO_00140130;power plant operator;Agent is a role of a person or organisation that directs its activity towards achieving goals.;
OEO_00140131;conventional trader;A trader is a market participant that engages in the transfer of financial assets in any financial market on behalf of a client or a financial services provider.;
OEO_00140133;renewable energy share;A process attribute is a dependent occurrent that existentially depends on a process.;
OEO_00140134;hydrogen fuel cell;A fuel cell is a generator that converts chemical energy into electricity using redox reactions.;
OEO_00140135;natural gas turbine;A gas turbine is a turbine that participates in a gas turbine process. It is also called combustion turbine.;
OEO_00140136;dispatch assignment;"A directive information entity with action specifications and objective specifications as parts, and that may be concretized as a realizable entity that, if realized, is realized in a process in which the bearer tries to achieve the objectives by taking the actions specified.
        
Editor note:
        2009-03-16: provenance: a term a plan was proposed for OBI (OBI_0000344) , edited by the PlanAndPlannedProcess branch. Original definition was "" a plan is a specification of a process that is realized by an actor to achieve the objective specified as part of the plan"". It has been subsequently moved to IAO where the objective for which the original term was defined was satisfied with the definitionof this, different, term.
        
Editor note:
        2014-03-31: A plan specification can have other parts, such as conditional specifications.
        
Editor note:
        2022-01-16 Updated definition to that proposed by Clint Dowloand, IAO Issue 231.
        
Editor note:
        Alternative previous definition: a plan is a set of instructions that specify how an objective should be achieved";
OEO_00140137;power plant portfolio;"A generically dependent continuant that is about some thing.
        
Editor note:
        2014-03-10: The use of ""thing"" is intended to be general enough to include universals and configurations (see https://groups.google.com/d/msg/information-ontology/GBxvYZCk1oc/-L6B5fSBBTQJ).
        
Editor note:
        information_content_entity 'is_encoded_in' some digital_entity in obi before split (040907). information_content_entity 'is_encoded_in' some physical_document in obi before split (040907).

Previous. An information content entity is a non-realizable information entity that 'is encoded in' some digital or physical entity.";
OEO_00140138;generation time series;A time series is a data set that references to a set of time steps or zero-dimensional temporal regions.;
OEO_00140139;yield profile;A generation time series is a time series that describes the specific electricity generation of a particular power plant.;
OEO_00140140;demand trader;A trader is a market participant that engages in the transfer of financial assets in any financial market on behalf of a client or a financial services provider.;
OEO_00140141;merit order;"A directive information entity with action specifications and objective specifications as parts, and that may be concretized as a realizable entity that, if realized, is realized in a process in which the bearer tries to achieve the objectives by taking the actions specified.
        
Editor note:
        2009-03-16: provenance: a term a plan was proposed for OBI (OBI_0000344) , edited by the PlanAndPlannedProcess branch. Original definition was "" a plan is a specification of a process that is realized by an actor to achieve the objective specified as part of the plan"". It has been subsequently moved to IAO where the objective for which the original term was defined was satisfied with the definitionof this, different, term.
        
Editor note:
        2014-03-31: A plan specification can have other parts, such as conditional specifications.
        
Editor note:
        2022-01-16 Updated definition to that proposed by Clint Dowloand, IAO Issue 231.
        
Editor note:
        Alternative previous definition: a plan is a set of instructions that specify how an objective should be achieved";
OEO_00140143;direct marketer;A trader is a market participant that engages in the transfer of financial assets in any financial market on behalf of a client or a financial services provider.;
OEO_00140144;full load hours;A quantity value is an information content entity defined by a numeral together with a unit of measurement to quantify an entity.;
OEO_00140146;energy demand;A demand is a realizable entity that is characterised by a person, organisation or object needing it for a specific purpose.;
OEO_00140149;transformative measure;"p is a process = Def. p is an occurrent that has temporal proper parts and for some time t, p s-depends_on some material entity at t. (axiom label in BFO2 Reference: [083-003])
        
Editor note:
        BFO 2 Reference: The realm of occurrents is less pervasively marked by the presence of natural units than is the case in the realm of independent continuants. Thus there is here no counterpart of ‘object’. In BFO 1.0 ‘process’ served as such a counterpart. In BFO 2.0 ‘process’ is, rather, the occurrent counterpart of ‘material entity’. Those natural – as contrasted with engineered, which here means: deliberately executed – units which do exist in the realm of occurrents are typically either parasitic on the existence of natural units on the continuant side, or they are fiat in nature. Thus we can count lives; we can count football games; we can count chemical reactions performed in experiments or in chemical manufacturing. We cannot count the processes taking place, for instance, in an episode of insect mating behavior.Even where natural units are identifiable, for example cycles in a cyclical process such as the beating of a heart or an organism’s sleep/wake cycle, the processes in question form a sequence with no discontinuities (temporal gaps) of the sort that we find for instance where billiard balls or zebrafish or planets are separated by clear spatial gaps. Lives of organisms are process units, but they too unfold in a continuous series from other, prior processes such as fertilization, and they unfold in turn in continuous series of post-life processes such as post-mortem decay. Clear examples of boundaries of processes are almost always of the fiat sort (midnight, a time of death as declared in an operating theater or on a death certificate, the initiation of a state of war)";
OEO_00140150;policy;"A directive information entity with action specifications and objective specifications as parts, and that may be concretized as a realizable entity that, if realized, is realized in a process in which the bearer tries to achieve the objectives by taking the actions specified.
        
Editor note:
        2009-03-16: provenance: a term a plan was proposed for OBI (OBI_0000344) , edited by the PlanAndPlannedProcess branch. Original definition was "" a plan is a specification of a process that is realized by an actor to achieve the objective specified as part of the plan"". It has been subsequently moved to IAO where the objective for which the original term was defined was satisfied with the definitionof this, different, term.
        
Editor note:
        2014-03-31: A plan specification can have other parts, such as conditional specifications.
        
Editor note:
        2022-01-16 Updated definition to that proposed by Clint Dowloand, IAO Issue 231.
        
Editor note:
        Alternative previous definition: a plan is a set of instructions that specify how an objective should be achieved";
OEO_00140151;policy instrument;A directive information entity that describes an action the bearer will take.;
OEO_00140159;hydrocarbon;"A portion of matter is an aggregate of material entities that have a state of matter.
        
Editor note:
        Portions of matter describe mass nouns like e.g. water, air and fuel. Mass nouns are uncountable, but portions of these can be quantified, like 1 glass of water, 1 m³ of air or 1 barrel of fuel. For further explanation please refer to: https://github.com/OpenEnergyPlatform/ontology/wiki/Explanation-on-mass-nouns";
OEO_00140160;syngas;A gas mixture is a portion of matter that is a composition of different kinds of portions of matter and that has a gaseous normal state of matter.;
OEO_00140161;cooperative programming;"p is a process = Def. p is an occurrent that has temporal proper parts and for some time t, p s-depends_on some material entity at t. (axiom label in BFO2 Reference: [083-003])
        
Editor note:
        BFO 2 Reference: The realm of occurrents is less pervasively marked by the presence of natural units than is the case in the realm of independent continuants. Thus there is here no counterpart of ‘object’. In BFO 1.0 ‘process’ served as such a counterpart. In BFO 2.0 ‘process’ is, rather, the occurrent counterpart of ‘material entity’. Those natural – as contrasted with engineered, which here means: deliberately executed – units which do exist in the realm of occurrents are typically either parasitic on the existence of natural units on the continuant side, or they are fiat in nature. Thus we can count lives; we can count football games; we can count chemical reactions performed in experiments or in chemical manufacturing. We cannot count the processes taking place, for instance, in an episode of insect mating behavior.Even where natural units are identifiable, for example cycles in a cyclical process such as the beating of a heart or an organism’s sleep/wake cycle, the processes in question form a sequence with no discontinuities (temporal gaps) of the sort that we find for instance where billiard balls or zebrafish or planets are separated by clear spatial gaps. Lives of organisms are process units, but they too unfold in a continuous series from other, prior processes such as fertilization, and they unfold in turn in continuous series of post-life processes such as post-mortem decay. Clear examples of boundaries of processes are almost always of the fiat sort (midnight, a time of death as declared in an operating theater or on a death certificate, the initiation of a state of war)";
OEO_00140162;power plant with electro motive generator;A power plant is an energy transformation unit consisting of power generating units and a grid component that feeds electric energy into an electric grid.;
OEO_00140167;uncertainty approach;A model descriptor is an information content entity that contains information about some model.;
OEO_00140171;email address;"A generically dependent continuant that is about some thing.
        
Editor note:
        2014-03-10: The use of ""thing"" is intended to be general enough to include universals and configurations (see https://groups.google.com/d/msg/information-ontology/GBxvYZCk1oc/-L6B5fSBBTQJ).
        
Editor note:
        information_content_entity 'is_encoded_in' some digital_entity in obi before split (040907). information_content_entity 'is_encoded_in' some physical_document in obi before split (040907).

Previous. An information content entity is a non-realizable information entity that 'is encoded in' some digital or physical entity.";
OEO_00160001;frequency control;"p is a process = Def. p is an occurrent that has temporal proper parts and for some time t, p s-depends_on some material entity at t. (axiom label in BFO2 Reference: [083-003])
        
Editor note:
        BFO 2 Reference: The realm of occurrents is less pervasively marked by the presence of natural units than is the case in the realm of independent continuants. Thus there is here no counterpart of ‘object’. In BFO 1.0 ‘process’ served as such a counterpart. In BFO 2.0 ‘process’ is, rather, the occurrent counterpart of ‘material entity’. Those natural – as contrasted with engineered, which here means: deliberately executed – units which do exist in the realm of occurrents are typically either parasitic on the existence of natural units on the continuant side, or they are fiat in nature. Thus we can count lives; we can count football games; we can count chemical reactions performed in experiments or in chemical manufacturing. We cannot count the processes taking place, for instance, in an episode of insect mating behavior.Even where natural units are identifiable, for example cycles in a cyclical process such as the beating of a heart or an organism’s sleep/wake cycle, the processes in question form a sequence with no discontinuities (temporal gaps) of the sort that we find for instance where billiard balls or zebrafish or planets are separated by clear spatial gaps. Lives of organisms are process units, but they too unfold in a continuous series from other, prior processes such as fertilization, and they unfold in turn in continuous series of post-life processes such as post-mortem decay. Clear examples of boundaries of processes are almost always of the fiat sort (midnight, a time of death as declared in an operating theater or on a death certificate, the initiation of a state of war)";
OEO_00160002;primary control;Frequency control is a process that regulates the electricity output of an artificial object to maintain the equilibrium between electricity supply and demand.;
OEO_00160003;secondary control;Frequency control is a process that regulates the electricity output of an artificial object to maintain the equilibrium between electricity supply and demand.;
OEO_00160004;tertiary control;Frequency control is a process that regulates the electricity output of an artificial object to maintain the equilibrium between electricity supply and demand.;
OEO_00160005;fuel cost;A variable cost is a cost that depends on an amount of goods or services.;
OEO_00160006;market share;"A market share is a quality of a market exchange which quantifies the proportion a good to the total amount of goods traded in that market exchange.






Back to the super classes:




        quality
      


          view
        




        

        

        
        No description found.";
OEO_00160007;market share value;A fraction value is a relational quantity value that has a fraction as it's unit.;
OEO_00230000;energy storage capacity;A maximum value is a quantity value that represents the upper limit of an artificial object or process to contain or transform another entity.;
OEO_00230001;power rating;A maximum value is a quantity value that represents the upper limit of an artificial object or process to contain or transform another entity.;
OEO_00230002;declared net capacity;A power capacity is a power rating of a generator or power generating unit to generate power.;
OEO_00230003;nameplate capacity;A power capacity is a power rating of a generator or power generating unit to generate power.;
OEO_00230013;population;"The working age population is the population of people aged 15 to 65.
        








Back to the super classes:




        object aggregate
      


          view
        




Editor note:
        An entity a is an object aggregate if and only if there is a mutually exhaustive and pairwise disjoint partition of a into objects 
        
Editor note:
        BFO 2 Reference: object aggregates may gain and lose parts while remaining numerically identical (one and the same individual) over time. This holds both for aggregates whose membership is determined naturally (the aggregate of cells in your body) and aggregates determined by fiat (a baseball team, a congressional committee).";
OEO_00230014;urban population;A population is an aggregate of people in a spatial region.;
OEO_00230015;rural population;A population is an aggregate of people in a spatial region.;
OEO_00230016;labour force;A population is an aggregate of people in a spatial region.;
OEO_00230017;working age population;A population is an aggregate of people in a spatial region.;
OEO_00230020;kinetic energy;Energy is a quality of material entities which manifests as a capacity to perform work (such as causing motion or the interaction of molecules);
OEO_00230021;photon;"An independent continuant that is spatially extended whose identity is independent of that of other entities and can be maintained through time.
        
Editor note:
        BFO 2 Reference: Material entities (continuants) can preserve their identity even while gaining and losing material parts. Continuants are contrasted with occurrents, which unfold themselves in successive temporal parts or phases [60
        
Editor note:
        BFO 2 Reference: Object, Fiat Object Part and Object Aggregate are not intended to be exhaustive of Material Entity. Users are invited to propose new subcategories of Material Entity.
        
Editor note:
        BFO 2 Reference: ‘Matter’ is intended to encompass both mass and energy (we will address the ontological treatment of portions of energy in a later version of BFO). A portion of matter is anything that includes elementary particles among its proper or improper parts: quarks and leptons, including electrons, as the smallest particles thus far discovered; baryons (including protons and neutrons) at a higher level of granularity; atoms and molecules at still higher levels, forming the cells, organs, organisms and other material entities studied by biologists, the portions of rock studied by geologists, the fossils studied by paleontologists, and so on.Material entities are three-dimensional entities (entities extended in three spatial dimensions), as contrasted with the processes in which they participate, which are four-dimensional entities (entities extended also along the dimension of time).According to the FMA, material entities may have immaterial entities as parts – including the entities identified below as sites; for example the interior (or ‘lumen’) of your small intestine is a part of your body. BFO 2.0 embodies a decision to follow the FMA here.";
OEO_00240000;rotational energy;Kinetic energy is the energy that a material entity possesses due to its motion. It is defined as the work needed to accelerate a body of a given mass from rest to a stated velocity.;
OEO_00240003;production;A transformation is a process that transforms one or more inputs into at least one output.;
OEO_00240004;objective variable;A variable is an information content entity that represents a changeable value, vector, matrix or function within a mathematical expression.;
OEO_00240009;combined heat and power generation process;Energy transformation is a transformation in which one or more certain types of energy as input result in certain types of energy as output.;
OEO_00240010;combined heat and power generating unit;An energy transformation unit is an artificial object that transforms, changes or transfers a certain type of energy.;
OEO_00240011;combined heat and power plant;An energy transformation unit is an artificial object that transforms, changes or transfers a certain type of energy.;
OEO_00240012;gross electricity generation;A process attribute is a dependent occurrent that existentially depends on a process.;
OEO_00240013;net electricity generation;A process attribute is a dependent occurrent that existentially depends on a process.;
OEO_00240014;electricity generation process;Energy transformation is a transformation in which one or more certain types of energy as input result in certain types of energy as output.;
OEO_00240015;liquid air production;Production is the transformation process of combining various inputs in order to create an output that is a good.;
OEO_00240016;net capacity factor;A utilisation value is a fraction value that describes the instantaneous share of a maximum value that is utilised.;
OEO_00240018;gross national electricity consumption value;An energy consumption value is an energy amount value that measures the energy consumption over a time span.;
OEO_00240019;energy consumption value;An energy value is a quantity value that has an energy unit as unit.;
OEO_00240021;discount rate;A fraction value is a relational quantity value that has a fraction as it's unit.;
OEO_00240022;protected area;A region of relevance is a spatial region that is used in a study or analysis, or is part of spatial planning.;
OEO_00240024;energy service demand;A demand is a realizable entity that is characterised by a person, organisation or object needing it for a specific purpose.;
OEO_00240026;manufactured material;"A portion of matter is an aggregate of material entities that have a state of matter.
        
Editor note:
        Portions of matter describe mass nouns like e.g. water, air and fuel. Mass nouns are uncountable, but portions of these can be quantified, like 1 glass of water, 1 m³ of air or 1 barrel of fuel. For further explanation please refer to: https://github.com/OpenEnergyPlatform/ontology/wiki/Explanation-on-mass-nouns";
OEO_00240027;chemical substance;"A portion of matter is an aggregate of material entities that have a state of matter.
        
Editor note:
        Portions of matter describe mass nouns like e.g. water, air and fuel. Mass nouns are uncountable, but portions of these can be quantified, like 1 glass of water, 1 m³ of air or 1 barrel of fuel. For further explanation please refer to: https://github.com/OpenEnergyPlatform/ontology/wiki/Explanation-on-mass-nouns";
OEO_00240028;paper;"A portion of matter is an aggregate of material entities that have a state of matter.
        
Editor note:
        Portions of matter describe mass nouns like e.g. water, air and fuel. Mass nouns are uncountable, but portions of these can be quantified, like 1 glass of water, 1 m³ of air or 1 barrel of fuel. For further explanation please refer to: https://github.com/OpenEnergyPlatform/ontology/wiki/Explanation-on-mass-nouns";
OEO_00240029;cement;"A portion of matter is an aggregate of material entities that have a state of matter.
        
Editor note:
        Portions of matter describe mass nouns like e.g. water, air and fuel. Mass nouns are uncountable, but portions of these can be quantified, like 1 glass of water, 1 m³ of air or 1 barrel of fuel. For further explanation please refer to: https://github.com/OpenEnergyPlatform/ontology/wiki/Explanation-on-mass-nouns";
OEO_00240030;mineral;"A portion of matter is an aggregate of material entities that have a state of matter.
        
Editor note:
        Portions of matter describe mass nouns like e.g. water, air and fuel. Mass nouns are uncountable, but portions of these can be quantified, like 1 glass of water, 1 m³ of air or 1 barrel of fuel. For further explanation please refer to: https://github.com/OpenEnergyPlatform/ontology/wiki/Explanation-on-mass-nouns";
OEO_00240031;non-metallic mineral;A mineral is a portion of matter that is normally crystalline formed.;
OEO_00240032;metal;"A portion of matter is an aggregate of material entities that have a state of matter.
        
Editor note:
        Portions of matter describe mass nouns like e.g. water, air and fuel. Mass nouns are uncountable, but portions of these can be quantified, like 1 glass of water, 1 m³ of air or 1 barrel of fuel. For further explanation please refer to: https://github.com/OpenEnergyPlatform/ontology/wiki/Explanation-on-mass-nouns";
OEO_00240034;steel;A metal is a portion of matter consisting of an atom of an element that exhibits typical metallic properties, being typically shiny, with high electrical and thermal conductivity.;
OEO_00240035;non-ferrous metal;A metal is a portion of matter consisting of an atom of an element that exhibits typical metallic properties, being typically shiny, with high electrical and thermal conductivity.;
OEO_00240036;import price;A monetary value is a quantity value that states the amount of money specified in monetary units.;
OEO_00240037;export price;A monetary value is a quantity value that states the amount of money specified in monetary units.;
OEO_00240038;personal living space;A space requirement is a two-dimensional spatial region that covers the area needed by an object or object aggregate.;
OEO_00260001;ramping;A process attribute is a dependent occurrent that existentially depends on a process.;
OEO_00260002;start-up speed;Start-up speed is ramping during a cold start.;
OEO_00260003;cold start;A cold start is a process in which an energy transformation unit is started-up after a period of inactivity.;
OEO_00260007;CO2 emission;emission is a process releasing by-products from human activity (e.g. production, distribution or consumption) into the environment.;
OEO_00260008;CO2 emission rate;A greenhouse gas emission rate is an emission rate that describes the output of a greenhouse gas emission process.;
OEO_00280000;data file format;A data format is a data descriptor that specifies the structure in which the data item is encoded.;
OEO_00280001;text file format;A file format is a data format that describes how data is structured in a file.;
OEO_00280002;delimiter separated file format;A text file format is a file format that is structured as a sequence of lines of electronic text.;
OEO_00280003;comma separated file format;A delimiter separated file format is a text file format that uses delimiter-separated values (also DSV) to store two-dimensional arrays of data by separating the values in each row with specific delimiter characters.;
OEO_00280004;binary file format;A file format is a data format that describes how data is structured in a file.;
OEO_00280005;source code file format;A text file format is a file format that is structured as a sequence of lines of electronic text.;
OEO_00290000;potential;A maximum value is a quantity value that represents the upper limit of an artificial object or process to contain or transform another entity.;
OEO_00290001;slope;A quantity value is an information content entity defined by a numeral together with a unit of measurement to quantify an entity.;
OEO_00290002;surface azimuth angle;A quantity value is an information content entity defined by a numeral together with a unit of measurement to quantify an entity.;
OEO_00310000;data center;An artificial object is an object that was deliberately manufactured by humans to address a particular purpose.;
OEO_00310001;sewage plant;An artificial object is an object that was deliberately manufactured by humans to address a particular purpose.;
OEO_00310004;industrial waste thermal energy;Waste thermal energy is thermal energy that is the physical output of an energy transformation process and that is released into the environment unused.;
OEO_00310005;recovered heat;Thermal energy is the energy that a material entity contains in the undirected motion of its constituent parts (e.g. molecules and atoms).;
OEO_00310006;aerothermal energy;Natural ambient thermal energy is ambient thermal energy that has a renewable origin.;
OEO_00310008;heat generating unit;An energy transformation unit is an artificial object that transforms, changes or transfers a certain type of energy.;
OEO_00310009;rotary heat exchanger;A heat exchanger is an energy converting component that is used for a heat transfer process.;
OEO_00310010;plate heat exchanger;A heat exchanger is an energy converting component that is used for a heat transfer process.;
OEO_00310011;heat plant;An energy transformation unit is an artificial object that transforms, changes or transfers a certain type of energy.;
OEO_00310012;heat transfer unit;A heat generating unit is an energy transformation unit that has the function to produce thermal energy.;
OEO_00310013;boiler;A heater is an energy converting component that converts other forms of energy into useful heat.;
OEO_00310014;combustion-based heater;A heater is an energy converting component that converts other forms of energy into useful heat.;
OEO_00310015;electrical heater;A heater is an energy converting component that converts other forms of energy into useful heat.;
OEO_00310017;geothermal heat unit;A heat transfer unit is a heat generating unit that contains a heat exchanger and not a heater.;
OEO_00310018;geothermal heat plant;A heat plant is an energy transformation unit consisting of heat generating units and a grid component that feeds thermal energy into a heating grid.;
OEO_00310021;tube collector;A solar thermal collector is a heater that converts solar energy to solar thermal energy.;
OEO_00310022;flat-plate collector;A solar thermal collector is a heater that converts solar energy to solar thermal energy.;
OEO_00310025;combined cycle electricity generation process;A fuel-powered electricity generation process is an electricity generation process that converts chemical energy from a combustion fuel to electrical energy. It causes some emission.;
OEO_00310027;gas turbine process;Energy transformation is a transformation in which one or more certain types of energy as input result in certain types of energy as output.;
OEO_00310028;steam power unit;A power generating unit is an energy transformation unit that has the function to produce electrical energy.;
OEO_00310032;thermo-chemical heat storage object;An energy storage object is an artificial object that has the function energy storage.;
OEO_00310033;chemical heat storage object;A thermo-chemical heat storage object (TCS) is a thermal energy storage object that stores thermal energy through reversible exotherm/endotherm chemical reaction with thermo-chemical materials (TCM).;
OEO_00310034;sorption heat storage object;A thermo-chemical heat storage object (TCS) is a thermal energy storage object that stores thermal energy through reversible exotherm/endotherm chemical reaction with thermo-chemical materials (TCM).;
OEO_00310035;adsorption;"p is a process = Def. p is an occurrent that has temporal proper parts and for some time t, p s-depends_on some material entity at t. (axiom label in BFO2 Reference: [083-003])
        
Editor note:
        BFO 2 Reference: The realm of occurrents is less pervasively marked by the presence of natural units than is the case in the realm of independent continuants. Thus there is here no counterpart of ‘object’. In BFO 1.0 ‘process’ served as such a counterpart. In BFO 2.0 ‘process’ is, rather, the occurrent counterpart of ‘material entity’. Those natural – as contrasted with engineered, which here means: deliberately executed – units which do exist in the realm of occurrents are typically either parasitic on the existence of natural units on the continuant side, or they are fiat in nature. Thus we can count lives; we can count football games; we can count chemical reactions performed in experiments or in chemical manufacturing. We cannot count the processes taking place, for instance, in an episode of insect mating behavior.Even where natural units are identifiable, for example cycles in a cyclical process such as the beating of a heart or an organism’s sleep/wake cycle, the processes in question form a sequence with no discontinuities (temporal gaps) of the sort that we find for instance where billiard balls or zebrafish or planets are separated by clear spatial gaps. Lives of organisms are process units, but they too unfold in a continuous series from other, prior processes such as fertilization, and they unfold in turn in continuous series of post-life processes such as post-mortem decay. Clear examples of boundaries of processes are almost always of the fiat sort (midnight, a time of death as declared in an operating theater or on a death certificate, the initiation of a state of war)";
OEO_00310036;desorption;"p is a process = Def. p is an occurrent that has temporal proper parts and for some time t, p s-depends_on some material entity at t. (axiom label in BFO2 Reference: [083-003])
        
Editor note:
        BFO 2 Reference: The realm of occurrents is less pervasively marked by the presence of natural units than is the case in the realm of independent continuants. Thus there is here no counterpart of ‘object’. In BFO 1.0 ‘process’ served as such a counterpart. In BFO 2.0 ‘process’ is, rather, the occurrent counterpart of ‘material entity’. Those natural – as contrasted with engineered, which here means: deliberately executed – units which do exist in the realm of occurrents are typically either parasitic on the existence of natural units on the continuant side, or they are fiat in nature. Thus we can count lives; we can count football games; we can count chemical reactions performed in experiments or in chemical manufacturing. We cannot count the processes taking place, for instance, in an episode of insect mating behavior.Even where natural units are identifiable, for example cycles in a cyclical process such as the beating of a heart or an organism’s sleep/wake cycle, the processes in question form a sequence with no discontinuities (temporal gaps) of the sort that we find for instance where billiard balls or zebrafish or planets are separated by clear spatial gaps. Lives of organisms are process units, but they too unfold in a continuous series from other, prior processes such as fertilization, and they unfold in turn in continuous series of post-life processes such as post-mortem decay. Clear examples of boundaries of processes are almost always of the fiat sort (midnight, a time of death as declared in an operating theater or on a death certificate, the initiation of a state of war)";
OEO_00310037;sensible heat storage object;An energy storage object is an artificial object that has the function energy storage.;
OEO_00310038;sensible fluid heat storage object;A sensible heat storage object is a thermal energy storage object that stores thermal energy through temperature changes in some medium.;
OEO_00310039;sensible solid heat storage object;A sensible heat storage object is a thermal energy storage object that stores thermal energy through temperature changes in some medium.;
OEO_00310040;phase transition;"p is a process = Def. p is an occurrent that has temporal proper parts and for some time t, p s-depends_on some material entity at t. (axiom label in BFO2 Reference: [083-003])
        
Editor note:
        BFO 2 Reference: The realm of occurrents is less pervasively marked by the presence of natural units than is the case in the realm of independent continuants. Thus there is here no counterpart of ‘object’. In BFO 1.0 ‘process’ served as such a counterpart. In BFO 2.0 ‘process’ is, rather, the occurrent counterpart of ‘material entity’. Those natural – as contrasted with engineered, which here means: deliberately executed – units which do exist in the realm of occurrents are typically either parasitic on the existence of natural units on the continuant side, or they are fiat in nature. Thus we can count lives; we can count football games; we can count chemical reactions performed in experiments or in chemical manufacturing. We cannot count the processes taking place, for instance, in an episode of insect mating behavior.Even where natural units are identifiable, for example cycles in a cyclical process such as the beating of a heart or an organism’s sleep/wake cycle, the processes in question form a sequence with no discontinuities (temporal gaps) of the sort that we find for instance where billiard balls or zebrafish or planets are separated by clear spatial gaps. Lives of organisms are process units, but they too unfold in a continuous series from other, prior processes such as fertilization, and they unfold in turn in continuous series of post-life processes such as post-mortem decay. Clear examples of boundaries of processes are almost always of the fiat sort (midnight, a time of death as declared in an operating theater or on a death certificate, the initiation of a state of war)";
OEO_00310041;evaporation;A phase transition is a transformation of a medium from a solid, liquid, or gas state to a different state.;
OEO_00310042;melting;A phase transition is a transformation of a medium from a solid, liquid, or gas state to a different state.;
OEO_00310043;latent heat storage object;An energy storage object is an artificial object that has the function energy storage.;
OEO_00310044;latent solid-fluid heat storage object;A latent heat storage object (LHS) is a thermal energy storage object that stores thermal energy through phase transitions in phase-change materials (PCM).;
OEO_00310045;latent fluid-gaseous heat storage object;A latent heat storage object (LHS) is a thermal energy storage object that stores thermal energy through phase transitions in phase-change materials (PCM).;
OEO_00310047;solar heat plant;A heat plant is an energy transformation unit consisting of heat generating units and a grid component that feeds thermal energy into a heating grid.;
OEO_00310048;solar heat unit;A heat generating unit is an energy transformation unit that has the function to produce thermal energy.;
OEO_00320000;transport performance value;A quantity value is an information content entity defined by a numeral together with a unit of measurement to quantify an entity.;
OEO_00320001;transport performance unit;"""A unit of measurement is a standardized quantity of a physical quality."" [Wikipedia:Wikipedia]";
OEO_00320002;passenger-kilometre;A transport performance unit is a unit of measurement for the accumulated transport distance of a number of people and/or amount of goods.;
OEO_00320003;ton-kilometre;A transport performance unit is a unit of measurement for the accumulated transport distance of a number of people and/or amount of goods.;
OEO_00320004;gas vehicle;An internal combustion vehicle is a vehicle that uses an internal combustion engine for propulsion.;
OEO_00320005;liquefied petroleum gas vehicle;A gas vehicle is an internal combustion vehicle that has only a gas engine as a motor for propulsion.;
OEO_00320006;compressed gas vehicle;A gas vehicle is an internal combustion vehicle that has only a gas engine as a motor for propulsion.;
OEO_00320007;liquefied natural gas vehicle;A gas vehicle is an internal combustion vehicle that has only a gas engine as a motor for propulsion.;
OEO_00320008;gas engine;An internal combustion engine is a motor that converts chemical energy into kinetic energy using a cyclic combustion process.;
OEO_00320009;compressed gas engine;A gas engine is an internal combustion engine that uses a gaseous combustion fuel.;
OEO_00320010;compressed gas fuel role;A fuel role is a role of a portion of matter that has the disposition to be an energy carrier and is used in a process that releases the carried energy by transforming the portion of matter into a different kind of portion of matter in a way that releases heat or does work.;
OEO_00320011;liquefied petroleum gas;A gas mixture is a portion of matter that is a composition of different kinds of portions of matter and that has a gaseous normal state of matter.;
OEO_00320012;compressed natural gas;Natural gas is a gas mixture occurring in underground deposits, whether liquefied or gaseous, and consisting mainly of methane.;
OEO_00320013;compressed biomethane;Biomethane is a gas mixture produced from biogas by removing carbon dioxide. It consists mainly of methane and can be used as fuel.;
OEO_00320014;compressed synthetic methane;Synthetic methane is methane that has a synthetic origin.;
OEO_00320015;compressed gas fuel;A combustion fuel is a fuel that realises its fuel role in processes that release energy in the form of heat or work by chemical reaction with other substances.;
OEO_00320016;transport network;A supply system is a system that connects producers and consumers.;
OEO_00320017;road network;A transport network is a supply system of transport network components that enables the transport of people and/or goods.;
OEO_00320018;rail network;A transport network is a supply system of transport network components that enables the transport of people and/or goods.;
OEO_00320019;waterway network;A transport network is a supply system of transport network components that enables the transport of people and/or goods.;
OEO_00320020;aviation network;A transport network is a supply system of transport network components that enables the transport of people and/or goods.;
OEO_00320021;transport network component;An artificial object is an object that was deliberately manufactured by humans to address a particular purpose.;
OEO_00320022;road;A transport network component is an artificial object that is part of a transport network.;
OEO_00320023;bridge;A transport network component is an artificial object that is part of a transport network.;
OEO_00320024;tunnel;A transport network component is an artificial object that is part of a transport network.;
OEO_00320025;railway;A transport network component is an artificial object that is part of a transport network.;
OEO_00320026;canal;A transport network component is an artificial object that is part of a transport network.;
OEO_00320027;transport hub;A transport network component is an artificial object that is part of a transport network.;
OEO_00320028;train station;A transport hub is a transport network component that allows the exchange of people and/or goods.;
OEO_00320029;freight train station;A train station is a transport hub for trains.;
OEO_00320030;passenger train station;A train station is a transport hub for trains.;
OEO_00320031;bus station;A transport hub is a transport network component that allows the exchange of people and/or goods.;
OEO_00320032;port;A transport hub is a transport network component that allows the exchange of people and/or goods.;
OEO_00320033;freight port;A port is a transport hub for ships.;
OEO_00320034;passenger port;A port is a transport hub for ships.;
OEO_00320035;airport;A transport hub is a transport network component that allows the exchange of people and/or goods.;
OEO_00320036;electrical energy transfer;Energy transfer is an energy transformation in form of a spatial transmission, that does not change the types of energies, apart from losses, e.g. waste heat.;
OEO_00320037;chemical energy transfer;Energy transfer is an energy transformation in form of a spatial transmission, that does not change the types of energies, apart from losses, e.g. waste heat.;
OEO_00320038;fuel transport;Freight transport is a transport process which moves goods from one place to another.;
OEO_00320039;combustion fuel transport;Fuel transport is the freight transport of fuels.;
OEO_00320040;vehicle charging station;An electricity grid component is a grid component that is part of an electricity grid.;
OEO_00320041;vehicle operational mode;"A vehicle operational mode is a realizable entity that determines how a vehicle is operating.






Back to the super classes:




        realizable entity
      


          view
        




        

        

        
        No description found.";
OEO_00320042;fuel supply system;An energy system is a supply system of spatially extended linked energy sources and sinks.;
OEO_00320043;diesel car;A car is a motorised road vehicle that is used for passenger transport and has a maximum of eight seats.;
OEO_00320044;diesel truck;A truck is a motorised road vehicle that is used for freight transport.;
OEO_00320045;gasoline car;A car is a motorised road vehicle that is used for passenger transport and has a maximum of eight seats.;
OEO_00320046;battery electric car;A car is a motorised road vehicle that is used for passenger transport and has a maximum of eight seats.;
OEO_00320047;fuel cell electric car;A car is a motorised road vehicle that is used for passenger transport and has a maximum of eight seats.;
OEO_00320048;compressed gas car;A car is a motorised road vehicle that is used for passenger transport and has a maximum of eight seats.;
OEO_00320049;liquefied petroleum gas car;A car is a motorised road vehicle that is used for passenger transport and has a maximum of eight seats.;
OEO_00320050;plug-in hybrid electric car;A car is a motorised road vehicle that is used for passenger transport and has a maximum of eight seats.;
OEO_00320051;battery electric truck;A truck is a motorised road vehicle that is used for freight transport.;
OEO_00320052;fuel cell electric truck;A truck is a motorised road vehicle that is used for freight transport.;
OEO_00320053;compressed gas truck;A truck is a motorised road vehicle that is used for freight transport.;
OEO_00320054;liquefied natural gas truck;A truck is a motorised road vehicle that is used for freight transport.;
OEO_00320055;tank;An artificial object is an object that was deliberately manufactured by humans to address a particular purpose.;
OEO_00320056;fuel tank;A tank is an artificial object that stores a liquid or gaseous portion of matter.;
OEO_00320057;volume;A quantity value is an information content entity defined by a numeral together with a unit of measurement to quantify an entity.;
OEO_00320058;filling station;An energy transformation unit is an artificial object that transforms, changes or transfers a certain type of energy.;
OEO_00320059;hydrogen station;A filling station is energy transformation unit that transfers fuel into the fuel tank of a vehicle.;
OEO_00320060;hydrogen transport;Combustion fuel transport is the fuel transport of combustion fuels.;
OEO_00320061;vehicle-kilometre;A transport performance unit is a unit of measurement for the accumulated transport distance of a number of people and/or amount of goods.;
OEO_00320062;electricity demand;Energy demand is a demand for energy.;
OEO_00320063;fuel demand;Energy demand is a demand for energy.;
OEO_00320064;charging;Electrical energy transfer is an energy transfer of electrical energy.;
OEO_00320065;bidirectional vehicle charging station;A vehicle charging station is an electricity grid component that transfers electrical energy into the traction battery of a battery electric vehicle.;
OEO_00320066;ton of oil equivalent;"""A unit which is a standard measure of the work done by a certain force (gravitational, electric, magnetic, force of inertia, etc)."" [NIST:NIST]";
OEO_00320067;kilo ton of oil equivalent;"""A unit which is a standard measure of the work done by a certain force (gravitational, electric, magnetic, force of inertia, etc)."" [NIST:NIST]";
OEO_00320068;million ton of oil equivalent;"""A unit which is a standard measure of the work done by a certain force (gravitational, electric, magnetic, force of inertia, etc)."" [NIST:NIST]";
OEO_00320069;ton of coal equivalent;"""A unit which is a standard measure of the work done by a certain force (gravitational, electric, magnetic, force of inertia, etc)."" [NIST:NIST]";
OEO_00320070;kilo ton of coal equivalent;"""A unit which is a standard measure of the work done by a certain force (gravitational, electric, magnetic, force of inertia, etc)."" [NIST:NIST]";
OEO_00320071;million ton of coal equivalent;"""A unit which is a standard measure of the work done by a certain force (gravitational, electric, magnetic, force of inertia, etc)."" [NIST:NIST]";
OEO_00320072;utilisation value;A fraction value is a relational quantity value that has a fraction as it's unit.;
OEO_00320073;amortisation time;A time span is a quantity value indicating the duration of a one-dimensional temporal region, measured in a time unit.;
OEO_00320074;economic life time;An operational life time is the lifetime of an artificial object. It is measured from the end of construction time to the start of decommissioning time.;
OEO_00330007;power-to-fuel process;Energy transformation is a transformation in which one or more certain types of energy as input result in certain types of energy as output.;
OEO_00330008;power-to-liquid process;A power-to-fuel process is an energy transformation that converts electrical energy to chemical energy by synthesising portions of matter into a synthetic fuel.;
OEO_00330009;power-to-fuel system;An energy transformation unit is an artificial object that transforms, changes or transfers a certain type of energy.;
OEO_00330010;power-to-ammonia system;A power-to-gas system is a power-to-fuel system that implements a power-to-gas process. A water electrolyser is participating in the power-to-gas process.;
OEO_00330012;energy storage content;An energy value is a quantity value that has an energy unit as unit.;
OEO_00330013;energy storage level;A utilisation value is a fraction value that describes the instantaneous share of a maximum value that is utilised.;
OEO_00340004;decrease;"p is a process = Def. p is an occurrent that has temporal proper parts and for some time t, p s-depends_on some material entity at t. (axiom label in BFO2 Reference: [083-003])
        
Editor note:
        BFO 2 Reference: The realm of occurrents is less pervasively marked by the presence of natural units than is the case in the realm of independent continuants. Thus there is here no counterpart of ‘object’. In BFO 1.0 ‘process’ served as such a counterpart. In BFO 2.0 ‘process’ is, rather, the occurrent counterpart of ‘material entity’. Those natural – as contrasted with engineered, which here means: deliberately executed – units which do exist in the realm of occurrents are typically either parasitic on the existence of natural units on the continuant side, or they are fiat in nature. Thus we can count lives; we can count football games; we can count chemical reactions performed in experiments or in chemical manufacturing. We cannot count the processes taking place, for instance, in an episode of insect mating behavior.Even where natural units are identifiable, for example cycles in a cyclical process such as the beating of a heart or an organism’s sleep/wake cycle, the processes in question form a sequence with no discontinuities (temporal gaps) of the sort that we find for instance where billiard balls or zebrafish or planets are separated by clear spatial gaps. Lives of organisms are process units, but they too unfold in a continuous series from other, prior processes such as fertilization, and they unfold in turn in continuous series of post-life processes such as post-mortem decay. Clear examples of boundaries of processes are almost always of the fiat sort (midnight, a time of death as declared in an operating theater or on a death certificate, the initiation of a state of war)";
OEO_00340005;increase;"p is a process = Def. p is an occurrent that has temporal proper parts and for some time t, p s-depends_on some material entity at t. (axiom label in BFO2 Reference: [083-003])
        
Editor note:
        BFO 2 Reference: The realm of occurrents is less pervasively marked by the presence of natural units than is the case in the realm of independent continuants. Thus there is here no counterpart of ‘object’. In BFO 1.0 ‘process’ served as such a counterpart. In BFO 2.0 ‘process’ is, rather, the occurrent counterpart of ‘material entity’. Those natural – as contrasted with engineered, which here means: deliberately executed – units which do exist in the realm of occurrents are typically either parasitic on the existence of natural units on the continuant side, or they are fiat in nature. Thus we can count lives; we can count football games; we can count chemical reactions performed in experiments or in chemical manufacturing. We cannot count the processes taking place, for instance, in an episode of insect mating behavior.Even where natural units are identifiable, for example cycles in a cyclical process such as the beating of a heart or an organism’s sleep/wake cycle, the processes in question form a sequence with no discontinuities (temporal gaps) of the sort that we find for instance where billiard balls or zebrafish or planets are separated by clear spatial gaps. Lives of organisms are process units, but they too unfold in a continuous series from other, prior processes such as fertilization, and they unfold in turn in continuous series of post-life processes such as post-mortem decay. Clear examples of boundaries of processes are almost always of the fiat sort (midnight, a time of death as declared in an operating theater or on a death certificate, the initiation of a state of war)";
OEO_00340006;regionalisation;A methodology is a plan specification that describes processes that are part of a study.;
OEO_00340062;quantity;"Size is a quantity of an entity that quantifies its spatial extend.
        








Back to the super classes:




        quality
      


          view
        




        

        

        
        No description found.";
OEO_00340063;emission factor value;A fraction value is a relational quantity value that has a fraction as it's unit.;
OEO_00340065;greenhouse gas emission value;An emission value is a quantity value that quantifies an emission rate and has a mass unit.;
OEO_00340066;CO2 emission value;A greenhouse gas emission value is an emission value that quantifies a greenhouse gas emission rate and has a mass unit.;
OEO_00340068;size;A quantity is a quality of a material entity where the magnitude  of the quality can be quantified via a quantity value, which means that it can be expressed as a number and a unit.;
OEO_00340069;amount;"An amount is a quality of an object aggregate that counts the number of entities that form the object aggregate.






Back to the super classes:




        quality
      


          view
        




        

        

        
        No description found.";
OEO_00350000;population count;A quantity value is an information content entity defined by a numeral together with a unit of measurement to quantify an entity.;
OEO_00350001;annual GDP growth;A fraction value is a relational quantity value that has a fraction as it's unit.;
OEO_00360000;acceptance;"Acceptance is a realizable entity that represents the attitude of a person or organisation with respect to a certain constructional, (infra)structural or political measure that may be realized in, affected by or results of complex processes like discussions, communications, transformative measures or former personal experiences.






Back to the super classes:




        realizable entity
      


          view
        




        

        

        
        No description found.";
OEO_00360001;recycling;A material transformation is a transformation in which one or more input material entities are, at least partially, physically changed and result in output material entites.;
OEO_00360002;model intercomparison study;A scenario study is a study that investigates one or more scenarios.;
OEO_00360003;scenario projection comparison;A scenario study is a study that investigates one or more scenarios.;
OEO_00360004;control area;A supply grid is a supply system of systematically connected artificial objects that can work as a supply system.;
OEO_00360005;bidding zone;"A bidding zone is a two-dimensional spatial region in which market participants are able to exchange energy without capacity allocation.






Back to the super classes:




        two-dimensional spatial region
      


          view
        




        

        

        
        No description found.";
OEO_00360006;bidding zone role;"A bidding zone role is a role of a two-dimensional spatial region that is realised in market participants trading energy without capacity allocation.






Back to the super classes:




        role
      


          view
        




Editor note:
        BFO 2 Reference: One major family of examples of non-rigid universals involves roles, and ontologies developed for corresponding administrative purposes may consist entirely of representatives of entities of this sort. Thus ‘professor’, defined as follows,b instance_of professor at t =Def. there is some c, c instance_of professor role & c inheres_in b at t.denotes a non-rigid universal and so also do ‘nurse’, ‘student’, ‘colonel’, ‘taxpayer’, and so forth. (These terms are all, in the jargon of philosophy, phase sortals.) By using role terms in definitions, we can create a BFO conformant treatment of such entities drawing on the fact that, while an instance of professor may be simultaneously an instance of trade union member, no instance of the type professor role is also (at any time) an instance of the type trade union member role (any more than any instance of the type color is at any time an instance of the type length).If an ontology of employment positions should be defined in terms of roles following the above pattern, this enables the ontology to do justice to the fact that individuals instantiate the corresponding universals –  professor, sergeant, nurse – only during certain phases in their lives.";
OEO_00360007;flexibility;"Flexibility is a disposition of an energy system that is able to balance energy by adjusting energy supply and energy demand.






Back to the super classes:




        disposition
      


          view
        




Editor note:
        BFO 2 Reference: Dispositions exist along a strength continuum. Weaker forms of disposition are realized in only a fraction of triggering cases. These forms occur in a significant number of cases of a similar type.";
OEO_00360008;energy balancing;"p is a process = Def. p is an occurrent that has temporal proper parts and for some time t, p s-depends_on some material entity at t. (axiom label in BFO2 Reference: [083-003])
        
Editor note:
        BFO 2 Reference: The realm of occurrents is less pervasively marked by the presence of natural units than is the case in the realm of independent continuants. Thus there is here no counterpart of ‘object’. In BFO 1.0 ‘process’ served as such a counterpart. In BFO 2.0 ‘process’ is, rather, the occurrent counterpart of ‘material entity’. Those natural – as contrasted with engineered, which here means: deliberately executed – units which do exist in the realm of occurrents are typically either parasitic on the existence of natural units on the continuant side, or they are fiat in nature. Thus we can count lives; we can count football games; we can count chemical reactions performed in experiments or in chemical manufacturing. We cannot count the processes taking place, for instance, in an episode of insect mating behavior.Even where natural units are identifiable, for example cycles in a cyclical process such as the beating of a heart or an organism’s sleep/wake cycle, the processes in question form a sequence with no discontinuities (temporal gaps) of the sort that we find for instance where billiard balls or zebrafish or planets are separated by clear spatial gaps. Lives of organisms are process units, but they too unfold in a continuous series from other, prior processes such as fertilization, and they unfold in turn in continuous series of post-life processes such as post-mortem decay. Clear examples of boundaries of processes are almost always of the fiat sort (midnight, a time of death as declared in an operating theater or on a death certificate, the initiation of a state of war)";
OEO_00360010;climate neutrality criterion;"A directive information entity with action specifications and objective specifications as parts, and that may be concretized as a realizable entity that, if realized, is realized in a process in which the bearer tries to achieve the objectives by taking the actions specified.
        
Editor note:
        2009-03-16: provenance: a term a plan was proposed for OBI (OBI_0000344) , edited by the PlanAndPlannedProcess branch. Original definition was "" a plan is a specification of a process that is realized by an actor to achieve the objective specified as part of the plan"". It has been subsequently moved to IAO where the objective for which the original term was defined was satisfied with the definitionof this, different, term.
        
Editor note:
        2014-03-31: A plan specification can have other parts, such as conditional specifications.
        
Editor note:
        2022-01-16 Updated definition to that proposed by Clint Dowloand, IAO Issue 231.
        
Editor note:
        Alternative previous definition: a plan is a set of instructions that specify how an objective should be achieved";
OEO_00360011;process climate neutrality;A process attribute is a dependent occurrent that existentially depends on a process.;
OEO_00360013;climate neutral process;"p is a process = Def. p is an occurrent that has temporal proper parts and for some time t, p s-depends_on some material entity at t. (axiom label in BFO2 Reference: [083-003])
        
Editor note:
        BFO 2 Reference: The realm of occurrents is less pervasively marked by the presence of natural units than is the case in the realm of independent continuants. Thus there is here no counterpart of ‘object’. In BFO 1.0 ‘process’ served as such a counterpart. In BFO 2.0 ‘process’ is, rather, the occurrent counterpart of ‘material entity’. Those natural – as contrasted with engineered, which here means: deliberately executed – units which do exist in the realm of occurrents are typically either parasitic on the existence of natural units on the continuant side, or they are fiat in nature. Thus we can count lives; we can count football games; we can count chemical reactions performed in experiments or in chemical manufacturing. We cannot count the processes taking place, for instance, in an episode of insect mating behavior.Even where natural units are identifiable, for example cycles in a cyclical process such as the beating of a heart or an organism’s sleep/wake cycle, the processes in question form a sequence with no discontinuities (temporal gaps) of the sort that we find for instance where billiard balls or zebrafish or planets are separated by clear spatial gaps. Lives of organisms are process units, but they too unfold in a continuous series from other, prior processes such as fertilization, and they unfold in turn in continuous series of post-life processes such as post-mortem decay. Clear examples of boundaries of processes are almost always of the fiat sort (midnight, a time of death as declared in an operating theater or on a death certificate, the initiation of a state of war)";
OEO_00360014;material climate neutrality;"Material climate neutrality is a disposition of a material entity that conforms to some climate neutrality criterion.






Back to the super classes:




        disposition
      


          view
        




Editor note:
        BFO 2 Reference: Dispositions exist along a strength continuum. Weaker forms of disposition are realized in only a fraction of triggering cases. These forms occur in a significant number of cases of a similar type.";
OEO_00360015;resilience;"Power system resilience is the resilience of a power system that represents the ability to limit the extent, system impact, and duration of degradation in order to sustain critical services following an extraordinary event.
        








Back to the super classes:




        disposition
      


          view
        




Editor note:
        BFO 2 Reference: Dispositions exist along a strength continuum. Weaker forms of disposition are realized in only a fraction of triggering cases. These forms occur in a significant number of cases of a similar type.";
OEO_00360016;power system resilience;Resilience is a disposition of a system that represents the capacity of a system to absorb disturbance and reorganize so as to retain essentially the same function, structure, and feedbacks.;
OEO_00360017;power system;An energy system is a supply system of spatially extended linked energy sources and sinks.;
OEO_00360018;service product role;"A service product role is the role of an immaterial entity that is the result of a service process, and whose value is determined by the value and the costs of the service.






Back to the super classes:




        role
      


          view
        




Editor note:
        BFO 2 Reference: One major family of examples of non-rigid universals involves roles, and ontologies developed for corresponding administrative purposes may consist entirely of representatives of entities of this sort. Thus ‘professor’, defined as follows,b instance_of professor at t =Def. there is some c, c instance_of professor role & c inheres_in b at t.denotes a non-rigid universal and so also do ‘nurse’, ‘student’, ‘colonel’, ‘taxpayer’, and so forth. (These terms are all, in the jargon of philosophy, phase sortals.) By using role terms in definitions, we can create a BFO conformant treatment of such entities drawing on the fact that, while an instance of professor may be simultaneously an instance of trade union member, no instance of the type professor role is also (at any time) an instance of the type trade union member role (any more than any instance of the type color is at any time an instance of the type length).If an ontology of employment positions should be defined in terms of roles following the above pattern, this enables the ontology to do justice to the fact that individuals instantiate the corresponding universals –  professor, sergeant, nurse – only during certain phases in their lives.";
OEO_00360019;service product;"A service product is an immaterial entity that has the service product role.






Back to the super classes:




        immaterial entity
      


          view
        




Editor note:
        BFO 2 Reference: Immaterial entities are divided into two subgroups:boundaries and sites, which bound, or are demarcated in relation, to material entities, and which can thus change location, shape and size and as their material hosts move or change shape or size (for example: your nasal passage; the hold of a ship; the boundary of Wales (which moves with the rotation of the Earth) [38, 7, 10";
OEO_00360020;region of relevance;"A suitable region is a region of relevance that has the suitable region role.
        








Back to the super classes:




        spatial region
      


          view
        




Editor note:
        BFO 2 Reference: Spatial regions do not participate in processes.
        
Editor note:
        Spatial region doesn't have a closure axiom because the subclasses don't exhaust all possibilites. An example would be the union of a spatial point and a spatial line that doesn't overlap the point, or two spatial lines that intersect at a single point. In both cases the resultant spatial region is neither 0-dimensional, 1-dimensional, 2-dimensional, or 3-dimensional.";
OEO_00360021;study region role;"A study subregion role is a study region role that refers to a subregion.
        








Back to the super classes:




        role
      


          view
        




Editor note:
        BFO 2 Reference: One major family of examples of non-rigid universals involves roles, and ontologies developed for corresponding administrative purposes may consist entirely of representatives of entities of this sort. Thus ‘professor’, defined as follows,b instance_of professor at t =Def. there is some c, c instance_of professor role & c inheres_in b at t.denotes a non-rigid universal and so also do ‘nurse’, ‘student’, ‘colonel’, ‘taxpayer’, and so forth. (These terms are all, in the jargon of philosophy, phase sortals.) By using role terms in definitions, we can create a BFO conformant treatment of such entities drawing on the fact that, while an instance of professor may be simultaneously an instance of trade union member, no instance of the type professor role is also (at any time) an instance of the type trade union member role (any more than any instance of the type color is at any time an instance of the type length).If an ontology of employment positions should be defined in terms of roles following the above pattern, this enables the ontology to do justice to the fact that individuals instantiate the corresponding universals –  professor, sergeant, nurse – only during certain phases in their lives.";
OEO_00360022;considered region role;"A considered region role is the role of a region of relevance that is used in an analysis.






Back to the super classes:




        role
      


          view
        




Editor note:
        BFO 2 Reference: One major family of examples of non-rigid universals involves roles, and ontologies developed for corresponding administrative purposes may consist entirely of representatives of entities of this sort. Thus ‘professor’, defined as follows,b instance_of professor at t =Def. there is some c, c instance_of professor role & c inheres_in b at t.denotes a non-rigid universal and so also do ‘nurse’, ‘student’, ‘colonel’, ‘taxpayer’, and so forth. (These terms are all, in the jargon of philosophy, phase sortals.) By using role terms in definitions, we can create a BFO conformant treatment of such entities drawing on the fact that, while an instance of professor may be simultaneously an instance of trade union member, no instance of the type professor role is also (at any time) an instance of the type trade union member role (any more than any instance of the type color is at any time an instance of the type length).If an ontology of employment positions should be defined in terms of roles following the above pattern, this enables the ontology to do justice to the fact that individuals instantiate the corresponding universals –  professor, sergeant, nurse – only during certain phases in their lives.";
OEO_00360023;interacting region role;"An interacting region role is a role of a region of relevance that interacts with a region of relevance that has the study region role. It is part of a region of relevance that has the considered region role, but not a study region role.






Back to the super classes:




        role
      


          view
        




Editor note:
        BFO 2 Reference: One major family of examples of non-rigid universals involves roles, and ontologies developed for corresponding administrative purposes may consist entirely of representatives of entities of this sort. Thus ‘professor’, defined as follows,b instance_of professor at t =Def. there is some c, c instance_of professor role & c inheres_in b at t.denotes a non-rigid universal and so also do ‘nurse’, ‘student’, ‘colonel’, ‘taxpayer’, and so forth. (These terms are all, in the jargon of philosophy, phase sortals.) By using role terms in definitions, we can create a BFO conformant treatment of such entities drawing on the fact that, while an instance of professor may be simultaneously an instance of trade union member, no instance of the type professor role is also (at any time) an instance of the type trade union member role (any more than any instance of the type color is at any time an instance of the type length).If an ontology of employment positions should be defined in terms of roles following the above pattern, this enables the ontology to do justice to the fact that individuals instantiate the corresponding universals –  professor, sergeant, nurse – only during certain phases in their lives.";
OEO_00360024;study subregion role;A study region role is a role of a region of relevance that is under investigation and consists entirely of one or more subregions.;
OEO_00360026;priority region role;"A priority region role is a role of a region of interest that gives high priority to building wind park projects, excluding building projects that are not compatible with this priority.






Back to the super classes:




        role
      


          view
        




Editor note:
        BFO 2 Reference: One major family of examples of non-rigid universals involves roles, and ontologies developed for corresponding administrative purposes may consist entirely of representatives of entities of this sort. Thus ‘professor’, defined as follows,b instance_of professor at t =Def. there is some c, c instance_of professor role & c inheres_in b at t.denotes a non-rigid universal and so also do ‘nurse’, ‘student’, ‘colonel’, ‘taxpayer’, and so forth. (These terms are all, in the jargon of philosophy, phase sortals.) By using role terms in definitions, we can create a BFO conformant treatment of such entities drawing on the fact that, while an instance of professor may be simultaneously an instance of trade union member, no instance of the type professor role is also (at any time) an instance of the type trade union member role (any more than any instance of the type color is at any time an instance of the type length).If an ontology of employment positions should be defined in terms of roles following the above pattern, this enables the ontology to do justice to the fact that individuals instantiate the corresponding universals –  professor, sergeant, nurse – only during certain phases in their lives.";
OEO_00360027;conditionally reserved region role;"A conditionally reserved region role is a role of a region of interest that is prioritised to be used for wind park projects during the planning process, without excluding incompatible building projects.






Back to the super classes:




        role
      


          view
        




Editor note:
        BFO 2 Reference: One major family of examples of non-rigid universals involves roles, and ontologies developed for corresponding administrative purposes may consist entirely of representatives of entities of this sort. Thus ‘professor’, defined as follows,b instance_of professor at t =Def. there is some c, c instance_of professor role & c inheres_in b at t.denotes a non-rigid universal and so also do ‘nurse’, ‘student’, ‘colonel’, ‘taxpayer’, and so forth. (These terms are all, in the jargon of philosophy, phase sortals.) By using role terms in definitions, we can create a BFO conformant treatment of such entities drawing on the fact that, while an instance of professor may be simultaneously an instance of trade union member, no instance of the type professor role is also (at any time) an instance of the type trade union member role (any more than any instance of the type color is at any time an instance of the type length).If an ontology of employment positions should be defined in terms of roles following the above pattern, this enables the ontology to do justice to the fact that individuals instantiate the corresponding universals –  professor, sergeant, nurse – only during certain phases in their lives.";
OEO_00360028;suitable region role;"A suitable region role is a role of a region of interest that designates an agreeable location for wind park projects within the planning region while excluding the building of wind park projects in the rest of the planning region.






Back to the super classes:




        role
      


          view
        




Editor note:
        BFO 2 Reference: One major family of examples of non-rigid universals involves roles, and ontologies developed for corresponding administrative purposes may consist entirely of representatives of entities of this sort. Thus ‘professor’, defined as follows,b instance_of professor at t =Def. there is some c, c instance_of professor role & c inheres_in b at t.denotes a non-rigid universal and so also do ‘nurse’, ‘student’, ‘colonel’, ‘taxpayer’, and so forth. (These terms are all, in the jargon of philosophy, phase sortals.) By using role terms in definitions, we can create a BFO conformant treatment of such entities drawing on the fact that, while an instance of professor may be simultaneously an instance of trade union member, no instance of the type professor role is also (at any time) an instance of the type trade union member role (any more than any instance of the type color is at any time an instance of the type length).If an ontology of employment positions should be defined in terms of roles following the above pattern, this enables the ontology to do justice to the fact that individuals instantiate the corresponding universals –  professor, sergeant, nurse – only during certain phases in their lives.";
OEO_00360029;priority region;A region of relevance is a spatial region that is used in a study or analysis, or is part of spatial planning.;
OEO_00360030;conditionally reserved region;A region of relevance is a spatial region that is used in a study or analysis, or is part of spatial planning.;
OEO_00360031;suitable region;A region of relevance is a spatial region that is used in a study or analysis, or is part of spatial planning.;
OEO_00360032;priority region with effect of suitable region;A region of relevance is a spatial region that is used in a study or analysis, or is part of spatial planning.;
OEO_00360033;spatial planning policy;A policy is a plan specification that is a deliberate system of principles, rules and guidelines, adopted by an organisation to guide decision making with respect to particular situations and implemented to achieve stated goals.;
OEO_00360040;critical infrastructure role;"A critical infrastructure role is a role of artificial objects, such as plants and systems, that are assessed to be crucial for the preservation of societal functions, health, safety and economical or social welfare.






Back to the super classes:




        role
      


          view
        




Editor note:
        BFO 2 Reference: One major family of examples of non-rigid universals involves roles, and ontologies developed for corresponding administrative purposes may consist entirely of representatives of entities of this sort. Thus ‘professor’, defined as follows,b instance_of professor at t =Def. there is some c, c instance_of professor role & c inheres_in b at t.denotes a non-rigid universal and so also do ‘nurse’, ‘student’, ‘colonel’, ‘taxpayer’, and so forth. (These terms are all, in the jargon of philosophy, phase sortals.) By using role terms in definitions, we can create a BFO conformant treatment of such entities drawing on the fact that, while an instance of professor may be simultaneously an instance of trade union member, no instance of the type professor role is also (at any time) an instance of the type trade union member role (any more than any instance of the type color is at any time an instance of the type length).If an ontology of employment positions should be defined in terms of roles following the above pattern, this enables the ontology to do justice to the fact that individuals instantiate the corresponding universals –  professor, sergeant, nurse – only during certain phases in their lives.";
OEO_00360041;critical infrastructure;A supply system is a system that connects producers and consumers.;
OEO_00390000;kilowatt;"A power unit which is equal to one thousand watts.






Back to the super classes:




        watt based unit
      


          view
        




        

        

        
        No description found.";
OEO_00390001;megawatt;"A power unit which is equal to one million watts.






Back to the super classes:




        watt based unit
      


          view
        




        

        

        
        No description found.";
OEO_00390002;wind characteristics determination method;A methodology is a plan specification that describes processes that are part of a study.;
OEO_00390003;data preparation;"Action specification for wind characteristics is an action specification that deals with wind characteristics.
Wind characteristics include speed, direction, frequency, turbulence, and seasonal or diurnal patterns.";
OEO_00390004;determined wind characteristics;"A directive information entity that describes an intended process endpoint. When part of a plan specification the concretization is realized in a planned process in which the bearer tries to effect the world so that the process endpoint is achieved.
        
Editor note:
        2009-03-16: original definition when imported from OBI read: ""objective is an non realizable information entity which can serve as that  proper part of a plan towards which the realization of the plan is directed.""
        
Editor note:
        2014-03-31: In the example of usage (""In the protocol of a ChIP assay the objective specification says to identify protein and DNA interaction"") there is a protocol which is the ChIP assay protocol. In addition to being concretized on paper, the protocol can be concretized as a realizable entity, such as a plan that inheres in a person. The objective specification is the part that says that some protein and DNA interactions are identified. This is a specification of a process endpoint: the boundary in the process before which they are not identified and after which they are. During the realization of the plan, the goal is to get to the point of having the interactions, and participants in the realization of the plan try to do that.
        
Editor note:
        Answers the question, why did you do this experiment?";
OEO_00390005;wind speed calculation;"Action specification for wind characteristics is an action specification that deals with wind characteristics.
Wind characteristics include speed, direction, frequency, turbulence, and seasonal or diurnal patterns.";
OEO_00390007;wind characteristics determination process;"p is a process = Def. p is an occurrent that has temporal proper parts and for some time t, p s-depends_on some material entity at t. (axiom label in BFO2 Reference: [083-003])
        
Editor note:
        BFO 2 Reference: The realm of occurrents is less pervasively marked by the presence of natural units than is the case in the realm of independent continuants. Thus there is here no counterpart of ‘object’. In BFO 1.0 ‘process’ served as such a counterpart. In BFO 2.0 ‘process’ is, rather, the occurrent counterpart of ‘material entity’. Those natural – as contrasted with engineered, which here means: deliberately executed – units which do exist in the realm of occurrents are typically either parasitic on the existence of natural units on the continuant side, or they are fiat in nature. Thus we can count lives; we can count football games; we can count chemical reactions performed in experiments or in chemical manufacturing. We cannot count the processes taking place, for instance, in an episode of insect mating behavior.Even where natural units are identifiable, for example cycles in a cyclical process such as the beating of a heart or an organism’s sleep/wake cycle, the processes in question form a sequence with no discontinuities (temporal gaps) of the sort that we find for instance where billiard balls or zebrafish or planets are separated by clear spatial gaps. Lives of organisms are process units, but they too unfold in a continuous series from other, prior processes such as fertilization, and they unfold in turn in continuous series of post-life processes such as post-mortem decay. Clear examples of boundaries of processes are almost always of the fiat sort (midnight, a time of death as declared in an operating theater or on a death certificate, the initiation of a state of war)";
OEO_00390014;air density adjustment;"Action specification for wind characteristics is an action specification that deals with wind characteristics.
Wind characteristics include speed, direction, frequency, turbulence, and seasonal or diurnal patterns.";
OEO_00390015;wind speed frequency analysis;"Action specification for wind characteristics is an action specification that deals with wind characteristics.
Wind characteristics include speed, direction, frequency, turbulence, and seasonal or diurnal patterns.";
OEO_00390016;wind variability identification;"Action specification for wind characteristics is an action specification that deals with wind characteristics.
Wind characteristics include speed, direction, frequency, turbulence, and seasonal or diurnal patterns.";
OEO_00390017;wind power density calculation;"Action specification for wind characteristics is an action specification that deals with wind characteristics.
Wind characteristics include speed, direction, frequency, turbulence, and seasonal or diurnal patterns.";
OEO_00390027;improve spatial resolution;Action specification for wind farm development area is an action specification that deals with available area for wind farm development.;
OEO_00390028;select exclusion criteria;Action specification for wind farm development area is an action specification that deals with available area for wind farm development.;
OEO_00390029;prepare exclusion criteria datasets;Action specification for wind farm development area is an action specification that deals with available area for wind farm development.;
OEO_00390030;run multi-criteria decision analysis;Action specification for wind farm development area is an action specification that deals with available area for wind farm development.;
OEO_00390031;determine development area;Action specification for wind farm development area is an action specification that deals with available area for wind farm development.;
OEO_00390032;determine geographical potential;Action specification for wind farm development area is an action specification that deals with available area for wind farm development.;
OEO_00390033;determined wind farm area;"A directive information entity that describes an intended process endpoint. When part of a plan specification the concretization is realized in a planned process in which the bearer tries to effect the world so that the process endpoint is achieved.
        
Editor note:
        2009-03-16: original definition when imported from OBI read: ""objective is an non realizable information entity which can serve as that  proper part of a plan towards which the realization of the plan is directed.""
        
Editor note:
        2014-03-31: In the example of usage (""In the protocol of a ChIP assay the objective specification says to identify protein and DNA interaction"") there is a protocol which is the ChIP assay protocol. In addition to being concretized on paper, the protocol can be concretized as a realizable entity, such as a plan that inheres in a person. The objective specification is the part that says that some protein and DNA interactions are identified. This is a specification of a process endpoint: the boundary in the process before which they are not identified and after which they are. During the realization of the plan, the goal is to get to the point of having the interactions, and participants in the realization of the plan try to do that.
        
Editor note:
        Answers the question, why did you do this experiment?";
OEO_00390034;wind farm area determination method;A methodology is a plan specification that describes processes that are part of a study.;
OEO_00390035;action specification for wind characteristics;A directive information entity that describes an action the bearer will take.;
OEO_00390036;action specification for wind farm development area;A directive information entity that describes an action the bearer will take.;
OEO_00390037;wind farm area determination process;"p is a process = Def. p is an occurrent that has temporal proper parts and for some time t, p s-depends_on some material entity at t. (axiom label in BFO2 Reference: [083-003])
        
Editor note:
        BFO 2 Reference: The realm of occurrents is less pervasively marked by the presence of natural units than is the case in the realm of independent continuants. Thus there is here no counterpart of ‘object’. In BFO 1.0 ‘process’ served as such a counterpart. In BFO 2.0 ‘process’ is, rather, the occurrent counterpart of ‘material entity’. Those natural – as contrasted with engineered, which here means: deliberately executed – units which do exist in the realm of occurrents are typically either parasitic on the existence of natural units on the continuant side, or they are fiat in nature. Thus we can count lives; we can count football games; we can count chemical reactions performed in experiments or in chemical manufacturing. We cannot count the processes taking place, for instance, in an episode of insect mating behavior.Even where natural units are identifiable, for example cycles in a cyclical process such as the beating of a heart or an organism’s sleep/wake cycle, the processes in question form a sequence with no discontinuities (temporal gaps) of the sort that we find for instance where billiard balls or zebrafish or planets are separated by clear spatial gaps. Lives of organisms are process units, but they too unfold in a continuous series from other, prior processes such as fertilization, and they unfold in turn in continuous series of post-life processes such as post-mortem decay. Clear examples of boundaries of processes are almost always of the fiat sort (midnight, a time of death as declared in an operating theater or on a death certificate, the initiation of a state of war)";
OEO_00390038;action specification for the technical wind potential;A directive information entity that describes an action the bearer will take.;
OEO_00390039;select appropriate turbine types;Action specification for the technical wind potential of the available area is an action specification that deals with the technical wind potential of the available area.;
OEO_00390040;place turbines within area;Action specification for the technical wind potential of the available area is an action specification that deals with the technical wind potential of the available area.;
OEO_00390041;account for wake losses;Action specification for the technical wind potential of the available area is an action specification that deals with the technical wind potential of the available area.;
OEO_00390042;determine annual energy yield;Action specification for the technical wind potential of the available area is an action specification that deals with the technical wind potential of the available area.;
OEO_00390043;determine capacity factor;Action specification for the technical wind potential of the available area is an action specification that deals with the technical wind potential of the available area.;
OEO_00390044;calculate technical potential;Action specification for the technical wind potential of the available area is an action specification that deals with the technical wind potential of the available area.;
OEO_00390045;determined wind potential;"A directive information entity that describes an intended process endpoint. When part of a plan specification the concretization is realized in a planned process in which the bearer tries to effect the world so that the process endpoint is achieved.
        
Editor note:
        2009-03-16: original definition when imported from OBI read: ""objective is an non realizable information entity which can serve as that  proper part of a plan towards which the realization of the plan is directed.""
        
Editor note:
        2014-03-31: In the example of usage (""In the protocol of a ChIP assay the objective specification says to identify protein and DNA interaction"") there is a protocol which is the ChIP assay protocol. In addition to being concretized on paper, the protocol can be concretized as a realizable entity, such as a plan that inheres in a person. The objective specification is the part that says that some protein and DNA interactions are identified. This is a specification of a process endpoint: the boundary in the process before which they are not identified and after which they are. During the realization of the plan, the goal is to get to the point of having the interactions, and participants in the realization of the plan try to do that.
        
Editor note:
        Answers the question, why did you do this experiment?";
OEO_00390046;wind potential determination method;A methodology is a plan specification that describes processes that are part of a study.;
OEO_00390047;wind potential determination process;"p is a process = Def. p is an occurrent that has temporal proper parts and for some time t, p s-depends_on some material entity at t. (axiom label in BFO2 Reference: [083-003])
        
Editor note:
        BFO 2 Reference: The realm of occurrents is less pervasively marked by the presence of natural units than is the case in the realm of independent continuants. Thus there is here no counterpart of ‘object’. In BFO 1.0 ‘process’ served as such a counterpart. In BFO 2.0 ‘process’ is, rather, the occurrent counterpart of ‘material entity’. Those natural – as contrasted with engineered, which here means: deliberately executed – units which do exist in the realm of occurrents are typically either parasitic on the existence of natural units on the continuant side, or they are fiat in nature. Thus we can count lives; we can count football games; we can count chemical reactions performed in experiments or in chemical manufacturing. We cannot count the processes taking place, for instance, in an episode of insect mating behavior.Even where natural units are identifiable, for example cycles in a cyclical process such as the beating of a heart or an organism’s sleep/wake cycle, the processes in question form a sequence with no discontinuities (temporal gaps) of the sort that we find for instance where billiard balls or zebrafish or planets are separated by clear spatial gaps. Lives of organisms are process units, but they too unfold in a continuous series from other, prior processes such as fertilization, and they unfold in turn in continuous series of post-life processes such as post-mortem decay. Clear examples of boundaries of processes are almost always of the fiat sort (midnight, a time of death as declared in an operating theater or on a death certificate, the initiation of a state of war)";
OEO_00390048;action specification for techno-economic potential;A directive information entity that describes an action the bearer will take.;
OEO_00390049;determine wind turbine lifetime;Action specification for techno-economic potential is an action specification that deals with techno-economic potential.;
OEO_00390050;determine capital expenditures;Action specification for techno-economic potential is an action specification that deals with techno-economic potential.;
OEO_00390051;determine operational expenditures;Action specification for techno-economic potential is an action specification that deals with techno-economic potential.;
OEO_00390052;determine discount and interest rate;Action specification for techno-economic potential is an action specification that deals with techno-economic potential.;
OEO_00390053;calculate levelised cost of electricity;Action specification for techno-economic potential is an action specification that deals with techno-economic potential.;
OEO_00390054;calculate economic potential;Action specification for techno-economic potential is an action specification that deals with techno-economic potential.;
OEO_00390055;determined techno-economic potential;"A directive information entity that describes an intended process endpoint. When part of a plan specification the concretization is realized in a planned process in which the bearer tries to effect the world so that the process endpoint is achieved.
        
Editor note:
        2009-03-16: original definition when imported from OBI read: ""objective is an non realizable information entity which can serve as that  proper part of a plan towards which the realization of the plan is directed.""
        
Editor note:
        2014-03-31: In the example of usage (""In the protocol of a ChIP assay the objective specification says to identify protein and DNA interaction"") there is a protocol which is the ChIP assay protocol. In addition to being concretized on paper, the protocol can be concretized as a realizable entity, such as a plan that inheres in a person. The objective specification is the part that says that some protein and DNA interactions are identified. This is a specification of a process endpoint: the boundary in the process before which they are not identified and after which they are. During the realization of the plan, the goal is to get to the point of having the interactions, and participants in the realization of the plan try to do that.
        
Editor note:
        Answers the question, why did you do this experiment?";
OEO_00390056;techno-economic potential determination method;A methodology is a plan specification that describes processes that are part of a study.;
OEO_00390057;techno-economic potential determination process;"p is a process = Def. p is an occurrent that has temporal proper parts and for some time t, p s-depends_on some material entity at t. (axiom label in BFO2 Reference: [083-003])
        
Editor note:
        BFO 2 Reference: The realm of occurrents is less pervasively marked by the presence of natural units than is the case in the realm of independent continuants. Thus there is here no counterpart of ‘object’. In BFO 1.0 ‘process’ served as such a counterpart. In BFO 2.0 ‘process’ is, rather, the occurrent counterpart of ‘material entity’. Those natural – as contrasted with engineered, which here means: deliberately executed – units which do exist in the realm of occurrents are typically either parasitic on the existence of natural units on the continuant side, or they are fiat in nature. Thus we can count lives; we can count football games; we can count chemical reactions performed in experiments or in chemical manufacturing. We cannot count the processes taking place, for instance, in an episode of insect mating behavior.Even where natural units are identifiable, for example cycles in a cyclical process such as the beating of a heart or an organism’s sleep/wake cycle, the processes in question form a sequence with no discontinuities (temporal gaps) of the sort that we find for instance where billiard balls or zebrafish or planets are separated by clear spatial gaps. Lives of organisms are process units, but they too unfold in a continuous series from other, prior processes such as fertilization, and they unfold in turn in continuous series of post-life processes such as post-mortem decay. Clear examples of boundaries of processes are almost always of the fiat sort (midnight, a time of death as declared in an operating theater or on a death certificate, the initiation of a state of war)";
OEO_00390058;action specification for the feasible potential;A directive information entity that describes an action the bearer will take.;
OEO_00390059;apply socio-economic constraints for assessment of potential;Action specification for the feasible potential is an action specification that deals with the feasible potential of something.;
OEO_00390060;calculate feasible potential;Action specification for the feasible potential is an action specification that deals with the feasible potential of something.;
OEO_00390061;determined feasible potential;"A directive information entity that describes an intended process endpoint. When part of a plan specification the concretization is realized in a planned process in which the bearer tries to effect the world so that the process endpoint is achieved.
        
Editor note:
        2009-03-16: original definition when imported from OBI read: ""objective is an non realizable information entity which can serve as that  proper part of a plan towards which the realization of the plan is directed.""
        
Editor note:
        2014-03-31: In the example of usage (""In the protocol of a ChIP assay the objective specification says to identify protein and DNA interaction"") there is a protocol which is the ChIP assay protocol. In addition to being concretized on paper, the protocol can be concretized as a realizable entity, such as a plan that inheres in a person. The objective specification is the part that says that some protein and DNA interactions are identified. This is a specification of a process endpoint: the boundary in the process before which they are not identified and after which they are. During the realization of the plan, the goal is to get to the point of having the interactions, and participants in the realization of the plan try to do that.
        
Editor note:
        Answers the question, why did you do this experiment?";
OEO_00390062;feasible potental determination method;A methodology is a plan specification that describes processes that are part of a study.;
OEO_00390063;feasible potental determination process;"p is a process = Def. p is an occurrent that has temporal proper parts and for some time t, p s-depends_on some material entity at t. (axiom label in BFO2 Reference: [083-003])
        
Editor note:
        BFO 2 Reference: The realm of occurrents is less pervasively marked by the presence of natural units than is the case in the realm of independent continuants. Thus there is here no counterpart of ‘object’. In BFO 1.0 ‘process’ served as such a counterpart. In BFO 2.0 ‘process’ is, rather, the occurrent counterpart of ‘material entity’. Those natural – as contrasted with engineered, which here means: deliberately executed – units which do exist in the realm of occurrents are typically either parasitic on the existence of natural units on the continuant side, or they are fiat in nature. Thus we can count lives; we can count football games; we can count chemical reactions performed in experiments or in chemical manufacturing. We cannot count the processes taking place, for instance, in an episode of insect mating behavior.Even where natural units are identifiable, for example cycles in a cyclical process such as the beating of a heart or an organism’s sleep/wake cycle, the processes in question form a sequence with no discontinuities (temporal gaps) of the sort that we find for instance where billiard balls or zebrafish or planets are separated by clear spatial gaps. Lives of organisms are process units, but they too unfold in a continuous series from other, prior processes such as fertilization, and they unfold in turn in continuous series of post-life processes such as post-mortem decay. Clear examples of boundaries of processes are almost always of the fiat sort (midnight, a time of death as declared in an operating theater or on a death certificate, the initiation of a state of war)";
OEO_00390064;study descriptor;A data descriptor is an information content entity that contains additional information about some data.;
OEO_00390066;determine capacity density;Action specification for the technical wind potential of the available area is an action specification that deals with the technical wind potential of the available area.;
OEO_00400012;uncertainty of a model;"Uncertainty of a model is a qualtity of a model that represents any departure from the unachievable ideal of complete determinism.






Back to the super classes:




        quality
      


          view
        




        

        

        
        No description found.";
OEO_00400013;nature of model uncertainty;"Nature of model uncertainty is a quality of a model that represents the core reason for uncertainty within it.






Back to the super classes:




        quality
      


          view
        




        

        

        
        No description found.";
OEO_00400017;level of model uncertainty;"Level of model uncertainty is a quality of a model that represents the degree or severity of an uncertainty.






Back to the super classes:




        quality
      


          view
        




        

        

        
        No description found.";
OEO_00400022;location of model uncertainty role;"Location of model uncertainty role is a role of an entity in which a model uncertainty is located in.






Back to the super classes:




        role
      


          view
        




Editor note:
        BFO 2 Reference: One major family of examples of non-rigid universals involves roles, and ontologies developed for corresponding administrative purposes may consist entirely of representatives of entities of this sort. Thus ‘professor’, defined as follows,b instance_of professor at t =Def. there is some c, c instance_of professor role & c inheres_in b at t.denotes a non-rigid universal and so also do ‘nurse’, ‘student’, ‘colonel’, ‘taxpayer’, and so forth. (These terms are all, in the jargon of philosophy, phase sortals.) By using role terms in definitions, we can create a BFO conformant treatment of such entities drawing on the fact that, while an instance of professor may be simultaneously an instance of trade union member, no instance of the type professor role is also (at any time) an instance of the type trade union member role (any more than any instance of the type color is at any time an instance of the type length).If an ontology of employment positions should be defined in terms of roles following the above pattern, this enables the ontology to do justice to the fact that individuals instantiate the corresponding universals –  professor, sergeant, nurse – only during certain phases in their lives.";
OEO_00400040;conceptual model;"A generically dependent continuant that is about some thing.
        
Editor note:
        2014-03-10: The use of ""thing"" is intended to be general enough to include universals and configurations (see https://groups.google.com/d/msg/information-ontology/GBxvYZCk1oc/-L6B5fSBBTQJ).
        
Editor note:
        information_content_entity 'is_encoded_in' some digital_entity in obi before split (040907). information_content_entity 'is_encoded_in' some physical_document in obi before split (040907).

Previous. An information content entity is a non-realizable information entity that 'is encoded in' some digital or physical entity.";
OEO_00400041;model system boundary;b is a generically dependent continuant = Def. b is a continuant that g-depends_on one or more other entities. (axiom label in BFO2 Reference: [074-001]);
OEO_00400042;technical model implementation;b is a generically dependent continuant = Def. b is a continuant that g-depends_on one or more other entities. (axiom label in BFO2 Reference: [074-001]);
OEO_00400043;model uncertainty location;"An entity that exists in full at any time in which it exists at all, persists through time while maintaining its identity and has no temporal parts.
        
Editor note:
        BFO 2 Reference: Continuant entities are entities which can be sliced to yield parts only along the spatial dimension, yielding for example the parts of your table which we call its legs, its top, its nails. ‘My desk stretches from the window to the door. It has spatial parts, and can be sliced (in space) in two. With respect to time, however, a thing is a continuant.’ [60, p. 240
        
Editor note:
        Continuant doesn't have a closure axiom because the subclasses don't necessarily exhaust all possibilites. For example, in an expansion involving bringing in some of Ceuster's other portions of reality, questions are raised as to whether universals are continuants";
OEO_00410008;bird sanctuary role;A protected area role is a role of a region of relevance recognised, dedicated and managed through legal or other effective means, to achieve the long term conservation of nature with associated ecosystem services and cultural values.;
OEO_00410009;legislation;"A directive information entity with action specifications and objective specifications as parts, and that may be concretized as a realizable entity that, if realized, is realized in a process in which the bearer tries to achieve the objectives by taking the actions specified.
        
Editor note:
        2009-03-16: provenance: a term a plan was proposed for OBI (OBI_0000344) , edited by the PlanAndPlannedProcess branch. Original definition was "" a plan is a specification of a process that is realized by an actor to achieve the objective specified as part of the plan"". It has been subsequently moved to IAO where the objective for which the original term was defined was satisfied with the definitionof this, different, term.
        
Editor note:
        2014-03-31: A plan specification can have other parts, such as conditional specifications.
        
Editor note:
        2022-01-16 Updated definition to that proposed by Clint Dowloand, IAO Issue 231.
        
Editor note:
        Alternative previous definition: a plan is a set of instructions that specify how an objective should be achieved";
OEO_00410010;fauna flora habitat role;A protected area role is a role of a region of relevance recognised, dedicated and managed through legal or other effective means, to achieve the long term conservation of nature with associated ecosystem services and cultural values.;
OEO_00410012;fauna flora habitat;A protected area is a region of relevance that has the protected area role.;
OEO_00410013;protected area role;"A water protection area role is a protected area role for areas, aimed at safeguarding the quality and quantity of water resources, including surface water and groundwater.
        








Back to the super classes:




        role
      


          view
        




Editor note:
        BFO 2 Reference: One major family of examples of non-rigid universals involves roles, and ontologies developed for corresponding administrative purposes may consist entirely of representatives of entities of this sort. Thus ‘professor’, defined as follows,b instance_of professor at t =Def. there is some c, c instance_of professor role & c inheres_in b at t.denotes a non-rigid universal and so also do ‘nurse’, ‘student’, ‘colonel’, ‘taxpayer’, and so forth. (These terms are all, in the jargon of philosophy, phase sortals.) By using role terms in definitions, we can create a BFO conformant treatment of such entities drawing on the fact that, while an instance of professor may be simultaneously an instance of trade union member, no instance of the type professor role is also (at any time) an instance of the type trade union member role (any more than any instance of the type color is at any time an instance of the type length).If an ontology of employment positions should be defined in terms of roles following the above pattern, this enables the ontology to do justice to the fact that individuals instantiate the corresponding universals –  professor, sergeant, nurse – only during certain phases in their lives.";
OEO_00410016;bird sanctuary;A protected area is a region of relevance that has the protected area role.;
